group,idea,IS_sh,OOS_sh,IS_bp,OOS_bp,trades_per_yr,exits_pos_both,years_up
EURUSD+USDJPY,down6bars|mr|afternoon|both,0.500,-0.605,1.276,-1.278,28.681,0.100,6/11
EURUSD+USDJPY,new_low50|mr|trend_up|long,-0.214,0.912,-0.565,2.934,31.021,0.267,7/11
EURUSD+USDJPY,bb50_out|mr|monday|both,-0.365,-0.032,-0.750,-0.073,111.660,0.033,4/11
EURUSD+USDJPY,new_low50|mr|monday|long,0.050,0.187,0.151,0.556,44.213,0.417,7/11
EURUSD+USDJPY,rsi2<10|mr|monday|long,-0.284,0.215,-0.327,0.237,164.511,0.217,6/11
EURUSD+USDJPY,below_sma200|mr|monday|long,0.054,0.350,0.068,0.317,308.596,0.500,6/11
EURUSD+USDJPY,new_low50|mr|monday|both,-0.368,-0.282,-0.827,-0.420,102.085,0.083,4/11
EURUSD+USDJPY,rsi14<30|mr|monday|long,-0.173,-0.132,-0.363,-0.372,43.021,0.083,5/11
EURUSD+USDJPY,new_low10|mr|monday|long,0.042,0.170,0.071,0.278,123.830,0.383,6/11
EURUSD+USDJPY,rsi5<25|mr|monday|long,-0.189,0.081,-0.268,0.104,120.468,0.267,6/11
EURUSD+USDJPY,bb50_out|mr|monday|long,-0.005,-0.014,-0.015,-0.035,51.617,0.233,5/11
EURUSD+USDJPY,down6bars|mr|afternoon|short,0.208,-0.538,0.523,-1.428,14.766,0.133,6/11
EURUSD+USDJPY,bb20_out|mr|monday|long,-0.536,0.262,-0.990,0.597,71.447,0.083,6/11
EURUSD+USDJPY,rsi14<30|mr|trend_down|short,0.156,0.119,0.593,0.511,24.128,0.450,5/11
EURUSD+USDJPY,new_low20|mr|monday|long,-0.083,0.288,-0.222,0.595,76.000,0.267,6/11
GBPUSD,down6bars|mr|afternoon|both,0.078,0.275,0.360,0.803,15.404,0.567,7/11
GBPUSD,new_low50|mr|trend_up|long,0.059,0.835,0.299,3.452,15.787,0.583,7/11
GBPUSD,bb50_out|mr|monday|both,-0.276,0.216,-0.612,0.607,52.468,0.083,5/11
GBPUSD,new_low50|mr|monday|long,0.160,0.601,0.609,2.344,22.979,0.717,7/11
GBPUSD,rsi2<10|mr|monday|long,-0.620,0.393,-1.152,0.718,86.511,0.050,5/11
GBPUSD,below_sma200|mr|monday|long,-0.567,0.133,-0.839,0.124,171.957,0.100,5/11
GBPUSD,new_low50|mr|monday|both,0.147,0.111,0.316,0.358,48.170,0.550,6/11
GBPUSD,rsi14<30|mr|monday|long,-0.351,0.543,-1.563,2.926,21.149,0.000,5/11
GBPUSD,new_low10|mr|monday|long,-0.277,0.635,-0.621,1.327,68.766,0.150,7/11
GBPUSD,rsi5<25|mr|monday|long,-0.264,0.536,-0.547,1.069,64.723,0.317,7/11
GBPUSD,bb50_out|mr|monday|long,-0.178,0.875,-0.632,3.563,24.511,0.267,7/11
GBPUSD,down6bars|mr|afternoon|short,-0.061,-0.078,-0.313,-0.375,8.468,0.267,5/11
GBPUSD,bb20_out|mr|monday|long,0.213,0.537,0.568,1.506,40.468,0.700,6/11
GBPUSD,rsi14<30|mr|trend_down|short,0.062,-0.061,0.355,-0.295,13.234,0.233,5/11
GBPUSD,new_low20|mr|monday|long,0.016,0.417,0.080,1.262,40.638,0.533,6/11
