pair,event,n,d1_h60,d1_h240,d5_h60,d5_h240,d15_h60,d15_h240,d30_h60,d30_h240,d60_h60,d60_h240,spread_vs_median
eurgbp,down6/up6 (fade),1476,0.443,0.891,0.183,0.546,0.269,0.681,0.141,0.545,0.146,0.513,0.954
eurgbp,big hour (fade),2070,0.241,-0.621,-0.165,-0.943,-0.177,-0.783,-0.196,-0.703,-0.259,-0.883,0.946
eurgbp,random hours,2985,-0.062,-0.119,0.006,-0.074,0.009,0.020,0.254,0.081,0.009,-0.103,0.964
eurchf,down6/up6 (fade),1255,0.584,1.013,0.605,1.001,0.621,0.957,0.650,0.843,0.343,0.669,0.949
eurchf,big hour (fade),2039,-0.272,0.081,-0.350,-0.158,-0.682,-0.396,-0.249,0.315,-0.242,0.522,0.918
eurchf,random hours,3053,-0.071,0.341,-0.095,0.300,-0.077,0.227,-0.097,0.191,0.160,0.378,0.975
audnzd,down6/up6 (fade),1558,0.224,0.515,0.151,0.423,0.080,0.360,0.197,0.386,0.223,0.277,0.973
audnzd,big hour (fade),1385,0.582,0.136,0.222,-0.146,-0.091,-0.413,-0.070,-0.509,0.008,-0.300,0.991
audnzd,random hours,3000,-0.041,0.224,-0.020,0.206,-0.107,0.236,-0.055,0.291,-0.026,0.476,0.971
eurusd,down6/up6 (fade),1536,0.121,0.811,0.173,0.694,0.366,0.423,0.381,0.315,0.255,0.482,0.927
eurusd,big hour (fade),1930,-0.476,-0.359,-0.657,-0.546,-0.676,-0.383,-0.285,-0.378,-0.042,-0.237,0.963
eurusd,random hours,3030,0.286,0.257,0.252,0.226,0.209,0.002,0.123,-0.117,0.023,-0.308,0.972
gbpusd,down6/up6 (fade),1529,0.421,0.424,0.288,0.378,0.468,0.386,0.509,0.089,0.226,-0.128,0.923
gbpusd,big hour (fade),2028,0.113,0.516,-0.323,0.050,-0.467,0.092,-0.113,0.417,-0.348,0.284,0.923
gbpusd,random hours,3041,-0.167,-0.085,-0.225,-0.093,-0.104,0.059,-0.471,-0.125,-0.088,0.399,0.959
audusd,down6/up6 (fade),1539,0.510,1.462,0.536,1.519,0.543,1.428,0.158,0.815,0.256,0.750,0.992
audusd,big hour (fade),1817,0.697,1.343,0.232,0.870,0.075,0.692,0.403,0.696,-0.066,0.344,0.989
audusd,random hours,3055,0.092,0.241,0.259,0.314,-0.139,0.309,0.019,0.466,0.137,0.127,0.978
nzdusd,down6/up6 (fade),1590,0.566,2.265,0.733,2.258,0.356,1.911,0.260,2.082,0.572,2.488,0.984
nzdusd,big hour (fade),1644,0.339,0.086,0.058,-0.083,-0.442,-0.460,-0.383,-0.491,-0.451,-0.326,1.003
nzdusd,random hours,3027,0.337,0.302,0.382,0.392,0.392,0.323,0.629,0.407,0.448,-0.151,0.972
usdjpy,down6/up6 (fade),1505,0.260,-0.351,0.119,-0.532,0.005,-0.892,0.174,-0.858,0.084,-1.072,0.960
usdjpy,big hour (fade),1941,-0.867,-1.504,-0.755,-1.521,-0.293,-0.861,0.140,-0.639,-0.244,-0.285,1.014
usdjpy,random hours,3076,-0.248,-0.547,-0.279,-0.588,-0.519,-0.603,-0.216,-0.444,0.083,-0.052,0.957
