date,event,sep,raw
2021-01-27,FOMC decision,False,January 26-27
2021-03-17,FOMC decision,True,March 16-17*
2021-04-28,FOMC decision,False,April 27-28
2021-06-16,FOMC decision,True,June 15-16*
2021-07-28,FOMC decision,False,July 27-28
2021-09-22,FOMC decision,True,September 21-22*
2021-11-03,FOMC decision,False,November 2-3
2021-12-15,FOMC decision,True,December 14-15*
2022-01-26,FOMC decision,False,January 25-26
2022-03-16,FOMC decision,True,March 15-16*
2022-05-04,FOMC decision,False,May 3-4
2022-06-15,FOMC decision,True,June 14-15*
2022-07-27,FOMC decision,False,July 26-27
2022-09-21,FOMC decision,True,September 20-21*
2022-11-02,FOMC decision,False,November 1-2
2022-12-14,FOMC decision,True,December 13-14*
2023-02-01,FOMC decision,False,Jan/Feb 31-1
2023-03-22,FOMC decision,True,March 21-22*
2023-05-03,FOMC decision,False,May 2-3
2023-06-14,FOMC decision,True,June 13-14*
2023-07-26,FOMC decision,False,July 25-26
2023-09-20,FOMC decision,True,September 19-20*
2023-11-01,FOMC decision,False,Oct/Nov 31-1
2023-12-13,FOMC decision,True,December 12-13*
2024-01-31,FOMC decision,False,January 30-31
2024-03-20,FOMC decision,True,March 19-20*
2024-05-01,FOMC decision,False,Apr/May 30-1
2024-06-12,FOMC decision,True,June 11-12*
2024-07-31,FOMC decision,False,July 30-31
2024-09-18,FOMC decision,True,September 17-18*
2024-11-07,FOMC decision,False,November 6-7
2024-12-18,FOMC decision,True,December 17-18*
2025-01-29,FOMC decision,False,January 28-29
2025-03-19,FOMC decision,True,March 18-19*
2025-05-07,FOMC decision,False,May 6-7
2025-06-18,FOMC decision,True,June 17-18*
2025-07-30,FOMC decision,False,July 29-30
2025-09-17,FOMC decision,True,September 16-17*
2025-10-29,FOMC decision,False,October 28-29
2025-12-10,FOMC decision,True,December 9-10*
2026-01-28,FOMC decision,False,January 27-28
2026-03-18,FOMC decision,True,March 17-18*
2026-04-29,FOMC decision,False,April 28-29
2026-06-17,FOMC decision,True,June 16-17*
2026-07-29,FOMC decision,False,July 28-29
2026-09-16,FOMC decision,True,September 15-16*
2026-10-28,FOMC decision,False,October 27-28
2026-12-09,FOMC decision,True,December 8-9*
