year,mode,ret_bp,chosen
2018,best,-96.41,eurusd+audusd+nzdusd|day_open|8|0.3|ny11|25
2018,top10,-145.42,
2018,region,-133.14,
2019,best,89.73,audusd+nzdusd+usdjpy|day_open|6|0.2|lon17|25
2019,top10,83.41,
2019,region,153.30,
2020,best,-553.34,gbpusd+audusd+nzdusd|day_open|10|0.3|ny11|0
2020,top10,-190.04,
2020,region,815.72,
2021,best,-91.40,eurusd+audusd+nzdusd|prev_close|6|0.4|ny11|30
2021,top10,-102.15,
2021,region,-45.43,
2022,best,241.72,eurusd+audusd+nzdusd|prev_close|6|0.4|ny11|30
2022,top10,360.91,
2022,region,601.91,
2023,best,563.84,eurusd+audusd+nzdusd|prev_close|8|0.4|ny1655|25
2023,top10,323.58,
2023,region,561.20,
2024,best,-400.37,eurusd+audusd+usdjpy|prev_close|10|0.2|ny1655|25
2024,top10,-176.96,
2024,region,5.08,
2025,best,-133.94,eurusd+gbpusd+usdjpy|day_open|6|0.3|lon17|30
2025,top10,58.43,
2025,region,131.86,
2026,best,37.29,eurusd+gbpusd+audusd|day_open|6|0.4|ny11|0
2026,top10,53.23,
2026,region,221.11,
