cond,X,trio,trades,win,bp,weekday_loglik,timing,pnl_corr,paired,ret_dd,mon_share,per_pair_month,scratch,grp2plus,ratio_2022_2021
asia_range,5.0000,eurusd+gbpusd+audusd,5107,0.3789,-1.9223,-47.2609,0.1766,-0.1695,0.4523,-0.1079,0.1900,16.4955,0.1298,0.2732,1.0575
asia_range,5.0000,eurusd+gbpusd+nzdusd,5112,0.3795,-2.7656,-47.3900,0.1460,-0.2150,0.4673,-0.1145,0.1886,16.5116,0.1324,0.2852,1.0558
asia_range,5.0000,eurusd+gbpusd+usdjpy,5130,0.3657,-1.4781,-47.3042,0.2283,-0.0004,0.4300,-0.1084,0.1902,16.5698,0.1090,0.2592,1.0436
asia_range,5.0000,eurusd+audusd+nzdusd,4592,0.4055,-3.1185,-47.4664,0.1771,-0.4059,0.4684,-0.1149,0.1864,14.8320,0.1831,0.2813,1.0727
asia_range,5.0000,eurusd+audusd+usdjpy,4610,0.3900,-1.6843,-47.3688,0.2439,-0.2335,0.3725,-0.1057,0.1882,14.8902,0.1568,0.2181,1.0599
asia_range,5.0000,eurusd+nzdusd+usdjpy,4615,0.3907,-2.6188,-47.5135,0.2270,-0.2797,0.3775,-0.1147,0.1866,14.9063,0.1597,0.2212,1.0581
asia_range,5.0000,gbpusd+audusd+nzdusd,4794,0.3778,-3.4294,-47.4601,0.1693,-0.3086,0.4712,-0.1160,0.1865,15.4845,0.1546,0.2840,1.0372
asia_range,5.0000,gbpusd+audusd+usdjpy,4812,0.3631,-2.0544,-47.3671,0.2363,-0.1255,0.3845,-0.1150,0.1883,15.5426,0.1295,0.2257,1.0242
asia_range,5.0000,gbpusd+nzdusd+usdjpy,4817,0.3637,-2.9492,-47.5052,0.2166,-0.1830,0.3872,-0.1167,0.1867,15.5588,0.1322,0.2289,1.0225
asia_range,5.0000,audusd+nzdusd+usdjpy,4297,0.3896,-3.3485,-47.6034,0.2292,-0.4149,0.4329,-0.1166,0.1842,13.8792,0.1864,0.2613,1.0375
asia_range,10.0000,eurusd+gbpusd+audusd,4041,0.3645,-2.6489,-47.4810,0.1942,-0.4170,0.3942,-0.1119,0.1869,13.0523,0.1262,0.2297,1.1624
asia_range,10.0000,eurusd+gbpusd+nzdusd,4012,0.3627,-3.5996,-47.5286,0.1489,-0.2541,0.4038,-0.1149,0.1857,12.9587,0.1254,0.2377,1.1468
asia_range,10.0000,eurusd+gbpusd+usdjpy,4159,0.3522,-2.1156,-47.5312,0.2694,-0.1154,0.3571,-0.1106,0.1866,13.4335,0.1034,0.2057,1.1860
asia_range,10.0000,eurusd+audusd+nzdusd,3291,0.3923,-3.9007,-47.6613,0.1991,-0.4077,0.4111,-0.1146,0.1819,10.6298,0.1799,0.2373,1.1825
asia_range,10.0000,eurusd+audusd+usdjpy,3438,0.3784,-2.0926,-47.6557,0.2872,-0.3206,0.3072,-0.1094,0.1832,11.1047,0.1510,0.1736,1.2286
asia_range,10.0000,eurusd+nzdusd+usdjpy,3409,0.3764,-3.2067,-47.7152,0.2651,-0.1568,0.3095,-0.1130,0.1817,11.0110,0.1502,0.1761,1.2107
asia_range,10.0000,gbpusd+audusd+nzdusd,3683,0.3630,-3.8802,-47.7503,0.1850,-0.3486,0.3980,-0.1139,0.1803,11.8960,0.1417,0.2275,1.1204
asia_range,10.0000,gbpusd+audusd+usdjpy,3830,0.3517,-2.2580,-47.7411,0.2950,-0.2782,0.3107,-0.1106,0.1815,12.3708,0.1172,0.1745,1.1599
asia_range,10.0000,gbpusd+nzdusd+usdjpy,3801,0.3496,-3.2584,-47.7962,0.2691,-0.1240,0.3110,-0.1136,0.1801,12.2771,0.1163,0.1763,1.1432
asia_range,10.0000,audusd+nzdusd+usdjpy,3080,0.3782,-3.5003,-48.0173,0.2850,-0.2995,0.3682,-0.1132,0.1748,9.9483,0.1724,0.2158,1.1811
asia_range,20.0000,eurusd+gbpusd+audusd,2356,0.3519,-2.8924,-47.7145,0.1822,-0.0359,0.3404,-0.1115,0.1835,7.6098,0.1167,0.1950,1.4415
asia_range,20.0000,eurusd+gbpusd+nzdusd,2336,0.3600,-2.6660,-47.8175,0.1922,0.0647,0.3360,-0.1085,0.1821,7.5452,0.1152,0.1934,1.3910
asia_range,20.0000,eurusd+gbpusd+usdjpy,2607,0.3468,-2.2262,-47.6820,0.2612,0.0358,0.3046,-0.1069,0.1841,8.4205,0.1020,0.1734,1.6408
asia_range,20.0000,eurusd+audusd+nzdusd,1569,0.3792,-3.0840,-47.8328,0.2092,-0.0803,0.3397,-0.1097,0.1806,5.0678,0.1702,0.1914,1.5074
asia_range,20.0000,eurusd+audusd+usdjpy,1840,0.3576,-2.3992,-47.6323,0.2503,-0.0907,0.2440,-0.1082,0.1836,5.9432,0.1435,0.1360,1.8571
asia_range,20.0000,eurusd+nzdusd+usdjpy,1820,0.3681,-2.1032,-47.7627,0.2643,-0.0061,0.2352,-0.1033,0.1819,5.8786,0.1418,0.1292,1.7814
asia_range,20.0000,gbpusd+audusd+nzdusd,2007,0.3572,-3.3188,-48.0342,0.1544,-0.0389,0.2970,-0.1119,0.1771,6.4826,0.1206,0.1617,1.3360
asia_range,20.0000,gbpusd+audusd+usdjpy,2278,0.3424,-2.7378,-47.8484,0.2378,-0.0624,0.2204,-0.1102,0.1799,7.3579,0.1049,0.1183,1.5983
asia_range,20.0000,gbpusd+nzdusd+usdjpy,2258,0.3508,-2.5022,-47.9575,0.2469,0.0379,0.2130,-0.1074,0.1785,7.2933,0.1032,0.1138,1.5391
asia_range,20.0000,audusd+nzdusd+usdjpy,1491,0.3662,-2.8577,-48.0478,0.2511,-0.1100,0.2696,-0.1091,0.1750,4.8159,0.1549,0.1476,1.7365
asia_range,30.0000,eurusd+gbpusd+audusd,1408,0.3743,-2.2540,-47.7557,0.1802,-0.1230,0.2663,-0.1072,0.1830,4.5478,0.1037,0.1484,1.7551
asia_range,30.0000,eurusd+gbpusd+nzdusd,1381,0.3802,-1.8173,-47.7939,0.1824,-0.1201,0.2614,-0.1049,0.1823,4.4606,0.0999,0.1438,1.5894
asia_range,30.0000,eurusd+gbpusd+usdjpy,1624,0.3534,-2.0600,-47.6879,0.2738,-0.1273,0.2167,-0.1122,0.1819,5.2455,0.0954,0.1182,1.8966
asia_range,30.0000,eurusd+audusd+nzdusd,778,0.4023,-3.3260,-47.7879,0.1797,-0.2360,0.3239,-0.1092,0.1824,2.5129,0.1581,0.1755,1.9674
asia_range,30.0000,eurusd+audusd+usdjpy,1021,0.3546,-3.3529,-47.6262,0.2478,-0.2479,0.1861,-0.1153,0.1818,3.2978,0.1371,0.0989,2.5116
asia_range,30.0000,eurusd+nzdusd+usdjpy,994,0.3622,-2.7761,-47.6747,0.2489,-0.2577,0.1901,-0.1117,0.1807,3.2106,0.1328,0.1008,2.2000
asia_range,30.0000,gbpusd+audusd+nzdusd,1155,0.3636,-3.3440,-47.9361,0.1084,-0.2704,0.2251,-0.1113,0.1828,3.7306,0.1022,0.1169,1.5259
asia_range,30.0000,gbpusd+audusd+usdjpy,1398,0.3355,-3.3606,-47.7885,0.2219,-0.2993,0.1552,-0.1152,0.1823,4.5155,0.0966,0.0843,1.8682
asia_range,30.0000,gbpusd+nzdusd+usdjpy,1371,0.3406,-2.9425,-47.8250,0.2265,-0.3062,0.1444,-0.1150,0.1815,4.4283,0.0926,0.0752,1.6767
asia_range,30.0000,audusd+nzdusd+usdjpy,768,0.3320,-5.3543,-47.8536,0.2061,-0.4307,0.2383,-0.1164,0.1810,2.4806,0.1458,0.1302,2.2162
env100,0.2000,eurusd+gbpusd+audusd,5817,0.3846,-1.9108,-47.2694,0.1723,0.2715,0.7151,-0.1062,0.1890,18.7888,0.1196,0.4989,1.0883
env100,0.2000,eurusd+gbpusd+nzdusd,5841,0.3794,-2.9148,-47.2392,0.2063,0.1313,0.7215,-0.1165,0.1900,18.8663,0.1291,0.5059,1.0836
env100,0.2000,eurusd+gbpusd+usdjpy,5645,0.3690,-1.3814,-47.2374,0.2558,0.2121,0.6969,-0.0988,0.1890,18.2332,0.0983,0.4832,1.1270
env100,0.2000,eurusd+audusd+nzdusd,5876,0.4038,-3.2083,-47.2405,0.2305,0.2048,0.7544,-0.1167,0.1900,18.9793,0.1654,0.5471,1.0601
env100,0.2000,eurusd+audusd+usdjpy,5680,0.3944,-1.6944,-47.2376,0.2743,0.2917,0.7176,-0.1021,0.1891,18.3463,0.1361,0.5075,1.1006
env100,0.2000,eurusd+nzdusd+usdjpy,5704,0.3890,-2.7234,-47.2063,0.3091,0.1351,0.7204,-0.1142,0.1901,18.4238,0.1457,0.5092,1.0958
env100,0.2000,gbpusd+audusd+nzdusd,5962,0.3883,-3.3384,-47.3124,0.1612,0.1812,0.7585,-0.1167,0.1887,19.2571,0.1442,0.5495,1.0648
env100,0.2000,gbpusd+audusd+usdjpy,5766,0.3784,-1.8515,-47.3127,0.2168,0.2697,0.7187,-0.1043,0.1877,18.6240,0.1146,0.5070,1.1058
env100,0.2000,gbpusd+nzdusd+usdjpy,5790,0.3732,-2.8646,-47.2811,0.2525,0.1074,0.7314,-0.1152,0.1887,18.7016,0.1242,0.5230,1.1009
env100,0.2000,audusd+nzdusd+usdjpy,5825,0.3979,-3.1609,-47.2818,0.2666,0.1901,0.7648,-0.1158,0.1888,18.8146,0.1609,0.5623,1.0763
env100,0.3000,eurusd+gbpusd+audusd,5044,0.3900,-1.3445,-47.3246,0.1160,0.3062,0.6225,-0.0867,0.1861,16.2920,0.1134,0.4035,1.2375
env100,0.3000,eurusd+gbpusd+nzdusd,5094,0.3842,-2.6473,-47.2951,0.1820,0.1560,0.6329,-0.1140,0.1869,16.4535,0.1227,0.4133,1.2292
env100,0.3000,eurusd+gbpusd+usdjpy,4768,0.3654,-1.1930,-47.2242,0.1371,0.2252,0.6011,-0.0977,0.1873,15.4005,0.0893,0.3861,1.3244
env100,0.3000,eurusd+audusd+nzdusd,5170,0.4126,-2.6226,-47.3619,0.2382,0.2205,0.6791,-0.1123,0.1858,16.6990,0.1584,0.4620,1.1861
env100,0.3000,eurusd+audusd+usdjpy,4844,0.3960,-1.1894,-47.2956,0.1864,0.2946,0.6208,-0.0842,0.1862,15.6460,0.1280,0.4071,1.2706
env100,0.3000,eurusd+nzdusd+usdjpy,4894,0.3899,-2.5471,-47.2644,0.2598,0.1182,0.6255,-0.1156,0.1869,15.8075,0.1375,0.4104,1.2620
env100,0.3000,gbpusd+audusd+nzdusd,5329,0.3924,-2.8915,-47.4269,0.1696,0.2495,0.6789,-0.1125,0.1856,17.2125,0.1396,0.4585,1.1706
env100,0.3000,gbpusd+audusd+usdjpy,5003,0.3750,-1.5214,-47.3667,0.1336,0.3369,0.6308,-0.1019,0.1859,16.1596,0.1089,0.4175,1.2519
env100,0.3000,gbpusd+nzdusd+usdjpy,5053,0.3693,-2.8331,-47.3361,0.2014,0.1612,0.6398,-0.1156,0.1867,16.3211,0.1183,0.4251,1.2434
env100,0.3000,audusd+nzdusd+usdjpy,5129,0.3981,-2.8054,-47.4024,0.2571,0.2341,0.6912,-0.1151,0.1856,16.5665,0.1544,0.4786,1.1989
env100,0.4000,eurusd+gbpusd+audusd,4165,0.3854,-1.6819,-47.2508,0.0708,0.2654,0.5601,-0.0902,0.1857,13.4528,0.1112,0.3486,1.4248
env100,0.4000,eurusd+gbpusd+nzdusd,4250,0.3840,-2.5935,-47.1817,0.0718,0.1213,0.5624,-0.1149,0.1875,13.7274,0.1287,0.3476,1.3796
env100,0.4000,eurusd+gbpusd+usdjpy,3867,0.3582,-1.2868,-47.1028,0.1028,0.1379,0.5306,-0.1091,0.1884,12.4903,0.0864,0.3258,1.5889
env100,0.4000,eurusd+audusd+nzdusd,4369,0.4099,-2.8695,-47.2667,0.1905,0.1924,0.6345,-0.1144,0.1861,14.1118,0.1625,0.4211,1.3305
env100,0.4000,eurusd+audusd+usdjpy,3986,0.3874,-1.6283,-47.1960,0.2074,0.2294,0.5447,-0.1111,0.1868,12.8747,0.1247,0.3398,1.5113
env100,0.4000,eurusd+nzdusd+usdjpy,4071,0.3859,-2.5811,-47.1254,0.2193,0.0417,0.5461,-0.1164,0.1887,13.1492,0.1427,0.3405,1.4610
env100,0.4000,gbpusd+audusd+nzdusd,4583,0.3862,-3.3336,-47.3630,0.0378,0.1949,0.6376,-0.1134,0.1855,14.8030,0.1438,0.4204,1.2444
env100,0.4000,gbpusd+audusd+usdjpy,4200,0.3626,-2.1981,-47.3049,0.0771,0.2355,0.5524,-0.1100,0.1861,13.5659,0.1062,0.3470,1.3995
env100,0.4000,gbpusd+nzdusd+usdjpy,4285,0.3617,-3.0920,-47.2361,0.0776,0.0600,0.5624,-0.1152,0.1879,13.8404,0.1237,0.3550,1.3555
env100,0.4000,audusd+nzdusd+usdjpy,4404,0.3881,-3.3523,-47.3178,0.1949,0.1417,0.6358,-0.1148,0.1864,14.2248,0.1574,0.4245,1.3087
env100,0.6000,eurusd+gbpusd+audusd,2748,0.3708,-1.7011,-46.9764,0.1840,0.1888,0.4731,-0.0901,0.1897,8.8760,0.1124,0.2770,1.9917
env100,0.6000,eurusd+gbpusd+nzdusd,2822,0.3806,-2.5389,-46.9936,0.1896,0.0129,0.4734,-0.1164,0.1895,9.1150,0.1276,0.2737,1.9390
env100,0.6000,eurusd+gbpusd+usdjpy,2439,0.3358,-1.6649,-46.6843,0.2018,-0.0309,0.4305,-0.0968,0.1956,7.8779,0.0775,0.2482,2.4494
env100,0.6000,eurusd+audusd+nzdusd,2987,0.4128,-2.3232,-47.1501,0.2332,0.2170,0.5681,-0.0924,0.1863,9.6479,0.1667,0.3621,1.7708
env100,0.6000,eurusd+audusd+usdjpy,2604,0.3756,-1.4728,-46.8726,0.2423,0.2295,0.4435,-0.0728,0.1916,8.4109,0.1256,0.2601,2.1318
env100,0.6000,eurusd+nzdusd+usdjpy,2678,0.3857,-2.3620,-46.8939,0.2553,0.0742,0.4507,-0.1057,0.1912,8.6499,0.1412,0.2643,2.0714
env100,0.6000,gbpusd+audusd+nzdusd,3218,0.3835,-3.0066,-47.1840,0.1653,0.2106,0.5572,-0.1145,0.1859,10.3941,0.1417,0.3451,1.6613
env100,0.6000,gbpusd+audusd+usdjpy,2835,0.3453,-2.3179,-46.9337,0.1851,0.2227,0.4494,-0.1086,0.1906,9.1570,0.1005,0.2665,1.9551
env100,0.6000,gbpusd+nzdusd+usdjpy,2909,0.3554,-3.1149,-46.9523,0.1884,0.0519,0.4575,-0.1174,0.1903,9.3960,0.1155,0.2704,1.9036
env100,0.6000,audusd+nzdusd+usdjpy,3074,0.3881,-2.8744,-47.1035,0.2341,0.2368,0.5654,-0.1044,0.1872,9.9289,0.1542,0.3633,1.7423
env50,0.2000,eurusd+gbpusd+audusd,5503,0.3763,-2.4476,-47.3656,0.1777,0.2590,0.5962,-0.1076,0.1872,17.7745,0.1172,0.3782,1.1232
env50,0.2000,eurusd+gbpusd+nzdusd,5568,0.3748,-3.3461,-47.4827,0.1830,0.1581,0.5891,-0.1177,0.1854,17.9845,0.1295,0.3702,1.1176
env50,0.2000,eurusd+gbpusd+usdjpy,5243,0.3557,-2.3048,-47.3983,0.1901,0.2937,0.5562,-0.1108,0.1863,16.9348,0.0916,0.3443,1.1869
env50,0.2000,eurusd+audusd+nzdusd,5620,0.4060,-3.1608,-47.4302,0.1893,0.1058,0.6520,-0.1147,0.1863,18.1525,0.1676,0.4350,1.1054
env50,0.2000,eurusd+audusd+usdjpy,5295,0.3890,-2.1184,-47.3426,0.1976,0.2445,0.5949,-0.1072,0.1873,17.1027,0.1324,0.3821,1.1717
env50,0.2000,eurusd+nzdusd+usdjpy,5360,0.3873,-3.0557,-47.4644,0.2111,0.1153,0.5830,-0.1163,0.1854,17.3127,0.1450,0.3707,1.1656
env50,0.2000,gbpusd+audusd+nzdusd,5749,0.3816,-3.4369,-47.4602,0.1452,0.1403,0.6464,-0.1162,0.1858,18.5691,0.1449,0.4266,1.0766
env50,0.2000,gbpusd+audusd+usdjpy,5424,0.3636,-2.4359,-47.3773,0.1702,0.2847,0.5968,-0.1108,0.1868,17.5194,0.1091,0.3850,1.1382
env50,0.2000,gbpusd+nzdusd+usdjpy,5489,0.3622,-3.3475,-47.4955,0.1763,0.1649,0.5797,-0.1162,0.1849,17.7293,0.1217,0.3673,1.1325
env50,0.2000,audusd+nzdusd+usdjpy,5541,0.3940,-3.1595,-47.4419,0.1901,0.0965,0.6528,-0.1152,0.1859,17.8973,0.1604,0.4389,1.1197
env50,0.3000,eurusd+gbpusd+audusd,4363,0.3798,-2.4435,-47.2949,0.1593,0.1920,0.5008,-0.1088,0.1858,14.0924,0.1144,0.2978,1.3291
env50,0.3000,eurusd+gbpusd+nzdusd,4431,0.3819,-2.8552,-47.2973,0.2320,0.0781,0.4990,-0.1142,0.1858,14.3120,0.1268,0.2955,1.3432
env50,0.3000,eurusd+gbpusd+usdjpy,4021,0.3536,-1.8428,-47.1898,0.2226,0.2042,0.4561,-0.1070,0.1866,12.9877,0.0888,0.2670,1.4937
env50,0.3000,eurusd+audusd+nzdusd,4524,0.4078,-3.2078,-47.3506,0.2075,0.1956,0.5802,-0.1147,0.1857,14.6124,0.1603,0.3699,1.2829
env50,0.3000,eurusd+audusd+usdjpy,4114,0.3828,-2.2535,-47.2474,0.2054,0.3354,0.4652,-0.1091,0.1865,13.2881,0.1264,0.2734,1.4106
env50,0.3000,eurusd+nzdusd+usdjpy,4182,0.3850,-2.6927,-47.2524,0.2715,0.2078,0.4596,-0.1151,0.1865,13.5078,0.1394,0.2694,1.4269
env50,0.3000,gbpusd+audusd+nzdusd,4754,0.3841,-3.5726,-47.3333,0.1345,0.1423,0.5795,-0.1153,0.1861,15.3553,0.1411,0.3678,1.2216
env50,0.3000,gbpusd+audusd+usdjpy,4344,0.3582,-2.7032,-47.2354,0.1447,0.2735,0.4726,-0.1102,0.1869,14.0310,0.1073,0.2833,1.3319
env50,0.3000,gbpusd+nzdusd+usdjpy,4412,0.3606,-3.1126,-47.2394,0.2194,0.1554,0.4631,-0.1158,0.1869,14.2506,0.1199,0.2732,1.3464
env50,0.3000,audusd+nzdusd+usdjpy,4505,0.3871,-3.4615,-47.2931,0.1966,0.2606,0.5674,-0.1153,0.1868,14.5510,0.1536,0.3644,1.2843
env50,0.4000,eurusd+gbpusd+audusd,3250,0.3763,-2.1149,-47.0357,0.1534,0.0525,0.4252,-0.0969,0.1872,10.4974,0.1058,0.2461,1.7566
env50,0.4000,eurusd+gbpusd+nzdusd,3317,0.3841,-2.7979,-47.0852,0.2170,-0.0640,0.4356,-0.1094,0.1862,10.7138,0.1164,0.2497,1.7803
env50,0.4000,eurusd+gbpusd+usdjpy,2901,0.3550,-1.3823,-46.9425,0.1892,0.0380,0.3654,-0.0846,0.1877,9.3702,0.0772,0.2024,2.1674
env50,0.4000,eurusd+audusd+nzdusd,3460,0.4023,-3.1066,-47.1012,0.2122,0.0647,0.5335,-0.1101,0.1871,11.1757,0.1523,0.3358,1.6028
env50,0.4000,eurusd+audusd+usdjpy,3044,0.3771,-1.7997,-46.9651,0.1924,0.2053,0.3798,-0.0960,0.1886,9.8320,0.1199,0.2146,1.8700
env50,0.4000,eurusd+nzdusd+usdjpy,3111,0.3854,-2.5347,-47.0231,0.2571,0.0584,0.3864,-0.1093,0.1875,10.0484,0.1308,0.2183,1.8957
env50,0.4000,gbpusd+audusd+nzdusd,3734,0.3781,-3.8685,-47.1026,0.1509,-0.0454,0.5268,-0.1141,0.1870,12.0607,0.1390,0.3231,1.4833
env50,0.4000,gbpusd+audusd+usdjpy,3318,0.3520,-2.7650,-46.9769,0.1409,0.0600,0.3882,-0.1099,0.1884,10.7171,0.1076,0.2221,1.6913
env50,0.4000,gbpusd+nzdusd+usdjpy,3385,0.3601,-3.4215,-47.0275,0.2047,-0.0816,0.4009,-0.1166,0.1873,10.9335,0.1179,0.2277,1.7147
env50,0.4000,audusd+nzdusd+usdjpy,3528,0.3790,-3.6990,-47.0480,0.1957,0.0692,0.5176,-0.1132,0.1881,11.3953,0.1531,0.3236,1.5497
env50,0.6000,eurusd+gbpusd+audusd,1661,0.3486,-3.3816,-46.7116,0.2980,-0.0617,0.3498,-0.1059,0.1899,5.3650,0.1294,0.1919,2.8661
env50,0.6000,eurusd+gbpusd+nzdusd,1735,0.3654,-4.0383,-46.8651,0.2672,-0.1719,0.3389,-0.1155,0.1878,5.6040,0.1372,0.1830,2.6099
env50,0.6000,eurusd+gbpusd+usdjpy,1435,0.3164,-2.8314,-46.2556,0.3329,-0.1951,0.2983,-0.1128,0.1979,4.6350,0.0808,0.1611,4.0256
env50,0.6000,eurusd+audusd+nzdusd,1904,0.3824,-4.5891,-47.0473,0.2574,-0.0092,0.4627,-0.1112,0.1849,6.1499,0.1733,0.2793,2.2971
env50,0.6000,eurusd+audusd+usdjpy,1604,0.3416,-3.6124,-46.5200,0.3059,-0.0113,0.3036,-0.1089,0.1934,5.1809,0.1297,0.1633,3.1071
env50,0.6000,eurusd+nzdusd+usdjpy,1678,0.3594,-4.2813,-46.6892,0.2830,-0.1153,0.2974,-0.1159,0.1910,5.4199,0.1377,0.1607,2.7937
env50,0.6000,gbpusd+audusd+nzdusd,2080,0.3620,-4.9554,-47.1206,0.2438,-0.0883,0.4466,-0.1125,0.1835,6.7183,0.1529,0.2620,2.1122
env50,0.6000,gbpusd+audusd+usdjpy,1780,0.3219,-4.1370,-46.6515,0.3103,-0.1057,0.2893,-0.1095,0.1909,5.7494,0.1101,0.1555,2.7068
env50,0.6000,gbpusd+nzdusd+usdjpy,1854,0.3387,-4.7214,-46.7984,0.2865,-0.2155,0.3080,-0.1168,0.1889,5.9884,0.1181,0.1703,2.4762
env50,0.6000,audusd+nzdusd+usdjpy,2023,0.3569,-5.1828,-46.9741,0.2672,-0.0463,0.4474,-0.1128,0.1860,6.5342,0.1537,0.2717,2.1989
