x0,x1,peak_pct,steps
4,70,4.062,16
71,91,2.500,4
92,119,1.615,6
121,138,1.615,0
140,187,2.500,2
189,216,1.615,3
217,286,2.500,7
287,305,1.615,1
306,356,2.396,0
357,392,2.396,1
393,471,2.448,15
473,482,2.448,3
484,501,2.500,0
503,630,2.448,14
631,658,4.062,2
660,721,1.615,12
722,736,2.500,3
737,855,3.021,12
857,933,4.115,8
934,950,1.615,7
951,979,3.958,4
982,1088,4.062,16
1090,1186,4.062,17
1188,1246,4.010,8
1252,1283,1.615,2
1287,1392,2.396,20
1394,1481,4.062,17
1483,1510,1.510,4
1511,1540,1.510,11
1542,1629,4.115,17
1630,1646,2.396,1
1648,1695,3.073,8
1697,1780,4.062,27
1782,1990,4.062,38
1992,2196,3.177,16
2198,2215,2.396,4
2217,2264,2.396,0
2266,2323,4.115,4
2327,2342,1.354,0
2344,2372,1.667,4
2374,2391,1.615,9
2393,2452,4.062,6
2453,2491,2.500,4
2493,2626,4.062,15
2627,2647,2.396,6
2648,2665,1.510,4
2667,2743,4.062,15
2745,2792,2.500,11
2794,2830,3.958,7
2834,2862,2.396,5
2864,2911,2.396,2
2915,2942,3.177,4
2943,2961,1.615,1
2962,2976,1.615,2
2977,3225,4.062,43
3227,3254,3.958,5
3256,3282,3.958,1
3284,3402,4.115,6
3403,3453,4.115,6
