x0,x1,usd
8,10,-190.4
10,11,114.2
11,12,-104.7
28,29,95.2
29,30,-95.2
30,32,123.8
33,34,95.2
34,35,-76.2
35,36,95.2
37,39,85.7
57,58,85.7
58,59,-76.2
59,61,123.8
62,64,76.2
64,65,-38.1
65,67,133.3
78,85,266.6
85,86,-76.2
86,88,190.4
89,91,57.1
101,102,-180.9
102,103,133.3
103,104,-123.8
114,115,-152.3
115,116,133.3
116,117,-171.4
144,146,-47.6
151,153,-38.1
211,212,-180.9
212,213,152.3
213,214,-152.3
229,231,47.6
240,241,66.6
242,243,76.2
244,250,257.0
250,251,-76.2
251,253,85.7
268,271,47.6
300,304,85.7
366,369,47.6
419,420,114.2
420,421,-76.2
421,422,123.8
423,427,190.4
427,428,-76.2
428,430,104.7
436,438,-180.9
438,439,133.3
439,440,-152.3
450,451,-57.1
452,453,-152.3
454,455,-57.1
466,467,-142.8
467,468,133.3
468,469,-152.3
477,479,-190.4
479,480,152.3
480,481,-142.8
526,528,95.2
528,529,-76.2
529,534,209.4
535,537,152.3
538,539,47.6
554,557,-66.6
563,565,95.2
565,566,-57.1
566,569,209.4
569,570,-76.2
570,571,171.4
572,573,285.6
573,574,-190.4
574,575,209.4
649,652,76.2
653,658,133.3
668,671,123.8
672,673,76.2
673,674,-57.1
674,678,209.4
679,682,38.1
689,691,114.2
691,692,-76.2
692,694,190.4
694,695,-57.1
695,699,209.4
699,700,-57.1
700,702,95.2
729,731,-171.4
731,732,133.3
732,734,-161.8
761,763,57.1
764,767,57.1
769,771,85.7
786,787,57.1
787,788,-57.1
788,789,95.2
790,791,104.7
791,792,-76.2
792,799,219.0
816,818,-199.9
818,819,152.3
819,820,-142.8
920,921,-66.6
921,922,38.1
922,923,-133.3
923,924,95.2
924,925,-133.3
926,928,-199.9
928,929,152.3
929,931,-161.8
937,939,95.2
939,940,-57.1
940,945,190.4
945,946,-57.1
946,947,171.4
947,948,-57.1
948,949,95.2
965,966,-209.4
966,967,152.3
967,968,-171.4
973,978,161.8
1004,1005,38.1
1005,1006,-38.1
1006,1008,76.2
1010,1013,123.8
1026,1028,-161.8
1028,1029,114.2
1029,1030,-133.3
1033,1038,209.4
1038,1039,-76.2
1039,1042,209.4
1042,1043,-76.2
1043,1044,95.2
1060,1063,38.1
1083,1084,-180.9
1084,1085,152.3
1085,1086,-152.3
1096,1098,-171.4
1098,1099,133.3
1099,1100,-152.3
1111,1113,-228.5
1113,1114,152.3
1114,1115,-152.3
1122,1124,95.2
1124,1125,-57.1
1125,1126,76.2
1128,1133,190.4
1140,1141,-152.3
1141,1142,133.3
1142,1143,-171.4
1175,1178,-171.4
1179,1182,-247.5
1182,1183,133.3
1183,1185,-152.3
1193,1196,-85.7
1197,1198,-133.3
1198,1199,57.1
1199,1200,-47.6
1232,1234,-190.4
1234,1235,152.3
1235,1236,-152.3
1244,1247,-66.6
1262,1266,-57.1
1281,1284,57.1
1298,1301,-76.2
1310,1311,57.1
1311,1312,-38.1
1312,1315,76.2
1316,1319,123.8
1328,1329,57.1
1330,1332,95.2
1333,1338,238.0
1338,1339,-57.1
1339,1341,85.7
1367,1368,-133.3
1368,1369,114.2
1369,1370,-133.3
1379,1381,114.2
1381,1382,-76.2
1382,1384,114.2
1385,1386,95.2
1386,1387,-76.2
1387,1389,190.4
1390,1392,76.2
1407,1408,95.2
1408,1409,-76.2
1409,1411,123.8
1412,1414,76.2
1416,1419,161.8
1425,1430,-123.8
1443,1444,66.6
1444,1445,-57.1
1445,1448,209.4
1448,1449,-76.2
1449,1454,199.9
1456,1459,180.9
1460,1465,209.4
1466,1469,76.2
1475,1478,-190.4
1478,1479,114.2
1479,1481,-123.8
1493,1498,95.2
1504,1506,-161.8
1506,1507,133.3
1507,1508,-152.3
1518,1519,-38.1
1519,1520,38.1
1520,1521,-171.4
1521,1522,95.2
1522,1523,-114.2
1532,1534,95.2
1534,1535,-57.1
1535,1536,171.4
1536,1537,-76.2
1537,1541,228.5
1542,1544,38.1
1553,1555,142.8
1555,1556,-76.2
1556,1558,114.2
1571,1573,-190.4
1573,1574,133.3
1574,1575,-152.3
1576,1577,-47.6
1582,1585,-85.7
1594,1595,-199.9
1595,1596,190.4
1596,1597,-209.4
1614,1615,-152.3
1615,1616,133.3
1616,1617,-171.4
1622,1625,85.7
1626,1627,76.2
1640,1648,142.8
1661,1663,95.2
1664,1665,57.1
1666,1671,199.9
1671,1672,-57.1
1672,1674,95.2
1689,1691,-180.9
1691,1692,133.3
1692,1693,-152.3
1709,1711,95.2
1711,1712,-57.1
1712,1716,171.4
1717,1720,152.3
1723,1724,114.2
1724,1725,-95.2
1725,1727,133.3
1728,1729,76.2
1729,1730,-57.1
1730,1733,209.4
1734,1736,47.6
1752,1753,95.2
1753,1754,-76.2
1754,1756,114.2
1757,1759,95.2
1759,1760,-57.1
1760,1762,209.4
1762,1763,-57.1
1763,1764,85.7
1767,1768,104.7
1768,1769,-76.2
1769,1772,190.4
1772,1773,-57.1
1773,1774,66.6
1775,1777,114.2
1777,1778,-57.1
1778,1780,95.2
1790,1791,47.6
1792,1794,66.6
1796,1800,85.7
1811,1812,-199.9
1812,1813,152.3
1813,1814,-152.3
1815,1816,76.2
1816,1817,-76.2
1817,1818,114.2
1819,1820,104.7
1820,1821,-76.2
1821,1825,209.4
1841,1842,-76.2
1842,1843,57.1
1843,1844,-190.4
1844,1845,57.1
1845,1847,-66.6
1870,1871,-161.8
1871,1872,133.3
1872,1873,-152.3
1897,1898,95.2
1898,1899,-95.2
1899,1901,133.3
1903,1907,238.0
1907,1908,-57.1
1908,1909,76.2
1911,1913,-180.9
1913,1914,76.2
1914,1915,-76.2
1932,1934,95.2
1936,1938,38.1
1944,1945,66.6
1945,1946,-57.1
1946,1949,209.4
1949,1950,-76.2
1950,1954,209.4
1954,1955,-76.2
1955,1956,95.2
2020,2022,-171.4
2022,2023,152.3
2023,2024,-171.4
2066,2069,-171.4
2069,2070,38.1
2070,2071,-57.1
2093,2099,95.2
2160,2162,57.1
2163,2165,47.6
2167,2169,133.3
2175,2178,-171.4
2178,2179,57.1
2179,2180,-76.2
2190,2192,-171.4
2192,2193,133.3
2193,2194,-142.8
2205,2208,104.7
2209,2211,123.8
2211,2212,-76.2
2212,2216,228.5
2294,2297,47.6
2298,2307,219.0
2315,2316,57.1
2317,2322,152.3
2349,2351,-199.9
2351,2352,152.3
2352,2353,-161.8
2369,2370,-47.6
2379,2381,85.7
2381,2382,-57.1
2382,2385,133.3
2386,2387,85.7
2387,2388,-76.2
2388,2389,228.5
2389,2390,-95.2
2390,2391,114.2
2392,2394,47.6
2399,2400,-57.1
2421,2423,47.6
2429,2431,47.6
2444,2447,47.6
2448,2450,57.1
2461,2463,104.7
2463,2464,-76.2
2464,2467,190.4
2468,2471,171.4
2499,2503,57.1
2528,2533,133.3
2559,2561,95.2
2562,2567,142.8
2576,2579,-171.4
2579,2580,57.1
2580,2581,-76.2
2593,2594,-47.6
2598,2601,-66.6
2614,2616,-190.4
2616,2617,133.3
2617,2618,-133.3
2620,2621,-171.4
2621,2622,133.3
2622,2623,-190.4
2634,2635,85.7
2635,2636,-76.2
2636,2641,228.5
2641,2642,-57.1
2642,2644,171.4
2645,2646,66.6
2657,2659,57.1
2660,2663,114.2
2663,2664,-57.1
2664,2667,123.8
2673,2675,-199.9
2675,2676,152.3
2676,2677,-161.8
2687,2688,-199.9
2688,2689,190.4
2689,2690,-209.4
2707,2708,104.7
2708,2709,-95.2
2709,2710,114.2
2711,2712,85.7
2712,2713,-57.1
2713,2717,228.5
2738,2740,-199.9
2740,2741,152.3
2741,2742,-161.8
2751,2753,-190.4
2753,2754,152.3
2754,2755,-152.3
2767,2768,-199.9
2768,2769,152.3
2769,2770,-171.4
2779,2781,114.2
2781,2782,-76.2
2782,2783,104.7
2785,2789,209.4
2790,2791,57.1
2807,2808,95.2
2808,2809,-76.2
2809,2810,114.2
2811,2815,76.2
2816,2817,161.8
2817,2818,-76.2
2818,2820,123.8
2839,2842,47.6
2845,2849,76.2
2856,2858,-209.4
2858,2859,171.4
2859,2861,-190.4
2868,2871,57.1
2874,2877,133.3
2927,2929,-209.4
2929,2930,152.3
2930,2932,-171.4
2934,2942,161.8
2952,2953,-47.6
2969,2971,-142.8
2972,2973,-76.2
3014,3017,-38.1
3050,3051,95.2
3051,3052,-76.2
3052,3053,114.2
3054,3055,104.7
3055,3056,-76.2
3056,3060,209.4
3060,3061,-57.1
3061,3062,76.2
3071,3073,114.2
3073,3074,-76.2
3074,3076,123.8
3077,3078,57.1
3080,3081,114.2
3082,3084,66.6
3092,3094,104.7
3094,3095,-76.2
3095,3097,114.2
3099,3100,76.2
3100,3101,-57.1
3101,3102,228.5
3102,3103,-95.2
3103,3104,114.2
3113,3115,-190.4
3115,3116,152.3
3116,3117,-171.4
3128,3132,66.6
3133,3134,66.6
3144,3145,-66.6
3146,3147,-171.4
3147,3148,57.1
3148,3150,-66.6
3165,3167,95.2
3177,3178,-171.4
3178,3179,171.4
3179,3180,-190.4
3196,3199,85.7
3200,3203,133.3
3204,3210,371.3
3211,3214,47.6
3219,3221,-209.4
3221,3222,152.3
3222,3223,-171.4
3240,3241,85.7
3241,3242,-57.1
3242,3243,66.6
3245,3248,123.8
3249,3252,266.6
3275,3281,333.2
3296,3298,-66.6
3359,3360,76.2
3360,3361,-57.1
3361,3362,76.2
3365,3375,371.3
3397,3398,-47.6
3423,3429,238.0
3438,3440,-95.2
3440,3441,57.1
3441,3442,-171.4
3442,3443,38.1
3443,3444,-57.1
