pairs,family,x_pct,trades,win,gross_bp,timing,pnl,y2026_bp,hold_h,score
"EUR, AUD, NZD vs USD",bar,0.400,1959,0.491,1.724,0.370,0.545,4.434,5.250,0.915
"EUR, AUD, NZD vs USD",bar,0.500,1019,0.497,2.683,0.405,0.407,7.388,6.000,0.811
"EUR, AUD, NZD vs USD",bar,0.300,4364,0.481,1.366,0.215,0.586,9.535,4.250,0.800
"AUD, NZD, JPY vs USD",bar,0.400,2211,0.488,1.218,0.404,0.392,1.481,5.250,0.796
"AUD, NZD, JPY vs USD",bar,0.500,1167,0.498,2.471,0.437,0.348,5.362,6.000,0.785
"crosses EURGBP, AUDNZD, EURCHF",bar,0.300,852,0.496,0.583,0.209,0.529,-0.149,5.750,0.738
"AUD, NZD, JPY vs USD",bar,0.750,333,0.468,2.013,0.368,0.343,6.188,6.500,0.711
"EUR, AUD, NZD vs USD",open,1.000,628,0.490,2.418,0.388,0.319,1.609,6.750,0.707
"EUR, AUD, NZD vs USD",sma,1.000,359,0.499,3.967,0.402,0.270,6.081,7.750,0.673
"EUR, GBP, AUD vs USD",bar,0.300,3578,0.480,1.063,0.245,0.420,7.935,4.500,0.665
"EUR, AUD, NZD vs USD",bar,0.750,278,0.468,4.427,0.285,0.376,4.129,6.500,0.661
"AUD, NZD, JPY vs USD",bar,0.300,4852,0.475,0.636,0.225,0.420,5.964,4.250,0.645
"EUR, GBP, AUD vs USD",bar,0.400,1570,0.482,0.818,0.350,0.290,3.834,5.250,0.640
"EUR, GBP, AUD vs USD",bar,0.500,830,0.486,2.551,0.383,0.148,7.308,5.750,0.530
"AUD, NZD, JPY vs USD",sma,1.000,458,0.480,2.297,0.387,0.143,1.441,8.000,0.529
"AUD, NZD, JPY vs USD",open,1.000,752,0.488,2.431,0.401,0.126,-1.657,7.000,0.527
"crosses EURGBP, AUDNZD, EURCHF",bar,0.200,2790,0.481,-0.034,0.146,0.381,-1.868,4.750,0.526
"EUR, GBP, CHF vs USD",bar,0.200,7214,0.462,-0.026,0.231,0.293,-0.401,3.250,0.525
"crosses EURGBP, AUDNZD, EURCHF",sma,0.500,543,0.527,2.005,0.207,0.294,0.181,8.500,0.501
"EUR, GBP, AUD vs USD",bar,0.200,9082,0.457,0.174,0.185,0.293,14.981,3.000,0.478
"EUR, AUD, NZD vs USD",bar,0.200,10815,0.460,0.375,0.191,0.279,15.075,3.000,0.470
"EUR, GBP, CHF vs USD",bar,0.300,2745,0.470,-0.294,0.297,0.138,-0.335,4.750,0.435
"EUR, AUD, NZD vs USD",bar,1.000,101,0.505,6.351,0.273,0.127,1.707,6.750,0.400
"EUR, AUD, NZD vs USD",sma,0.750,1011,0.479,-0.275,0.317,0.074,7.510,7.750,0.391
"EUR, GBP, AUD vs USD",sma,0.200,11385,0.440,0.242,0.183,0.173,11.726,4.500,0.356
"EUR, GBP, CHF vs USD",sma,0.200,9973,0.452,0.165,0.232,0.107,11.114,5.000,0.339
"crosses EURGBP, AUDNZD, EURCHF",open,0.750,261,0.548,5.375,0.053,0.283,-0.560,7.250,0.336
"crosses EURGBP, AUDNZD, EURCHF",sma,0.400,1092,0.510,1.020,0.197,0.137,1.550,8.000,0.335
"EUR, GBP, AUD vs USD",sma,0.400,3967,0.475,0.114,0.302,0.028,1.243,6.500,0.330
"crosses EURGBP, AUDNZD, EURCHF",sma,0.300,2353,0.505,0.632,0.180,0.137,2.497,7.250,0.317
"crosses EURGBP, AUDNZD, EURCHF",bar,0.400,339,0.484,-0.023,0.252,0.061,-0.256,7.000,0.313
"EUR, AUD, NZD vs USD",sma,0.200,12793,0.433,0.116,0.145,0.159,9.107,4.250,0.304
"crosses EURGBP, AUDNZD, EURCHF",sma,0.750,120,0.525,9.613,0.035,0.261,-0.414,8.250,0.296
"EUR, AUD, NZD vs USD",sma,0.400,4760,0.473,0.132,0.296,-0.007,-0.003,6.500,0.290
"EUR, GBP, AUD vs USD",sma,1.000,289,0.481,-0.586,0.366,-0.084,5.667,7.750,0.282
"EUR, GBP, AUD vs USD",sma,0.300,6522,0.471,0.753,0.249,0.027,7.864,6.000,0.276
"crosses EURGBP, AUDNZD, EURCHF",sma,0.200,5368,0.490,0.546,0.068,0.186,-0.042,6.250,0.254
"AUD, NZD, JPY vs USD",sma,0.750,1200,0.477,-0.615,0.360,-0.110,4.631,8.000,0.251
"EUR, GBP, JPY vs USD",bar,0.200,7918,0.453,-0.417,0.220,0.025,1.676,3.250,0.244
"EUR, AUD, NZD vs USD",sma,0.300,7561,0.467,0.506,0.220,0.018,6.233,5.750,0.238
"EUR, AUD, NZD vs USD",sma,0.500,3025,0.482,-0.629,0.311,-0.081,2.434,7.250,0.230
"AUD, NZD, JPY vs USD",bar,1.000,144,0.458,-0.253,0.254,-0.028,0.415,7.375,0.226
"EUR, GBP, JPY vs USD",bar,0.300,3107,0.467,-0.443,0.287,-0.061,0.611,4.750,0.226
"EUR, GBP, CHF vs USD",sma,0.300,5474,0.472,0.149,0.279,-0.056,4.324,6.250,0.223
"EUR, AUD, NZD vs USD",open,0.400,4622,0.480,0.140,0.296,-0.080,-16.393,6.250,0.216
"EUR, GBP, CHF vs USD",sma,0.400,3144,0.476,-0.177,0.289,-0.076,-5.448,6.750,0.214
"crosses EURGBP, AUDNZD, EURCHF",open,0.500,857,0.496,0.923,0.227,-0.018,-1.169,7.500,0.209
"AUD, NZD, JPY vs USD",bar,0.200,11835,0.457,0.152,0.180,0.021,12.909,2.750,0.201
"EUR, AUD, NZD vs USD",open,0.300,7112,0.467,-0.058,0.267,-0.077,-14.461,5.250,0.190
"EUR, GBP, JPY vs USD",sma,0.200,10367,0.439,-0.184,0.177,0.011,5.515,4.750,0.187
"EUR, GBP, AUD vs USD",bar,0.750,228,0.469,2.400,0.147,0.029,2.815,6.500,0.175
"EUR, GBP, CHF vs USD",bar,0.400,1182,0.454,-1.621,0.349,-0.193,-3.650,5.750,0.156
"EUR, GBP, AUD vs USD",open,1.000,473,0.465,0.124,0.394,-0.262,2.484,6.750,0.133
"EUR, AUD, NZD vs USD",open,0.750,1377,0.521,1.116,0.328,-0.208,-5.047,7.000,0.120
"EUR, GBP, JPY vs USD",bar,0.400,1389,0.464,-0.999,0.400,-0.280,-1.836,5.500,0.119
"EUR, GBP, AUD vs USD",sma,0.500,2430,0.483,-0.432,0.308,-0.194,2.237,7.000,0.114
"EUR, GBP, JPY vs USD",open,1.000,436,0.493,1.535,0.352,-0.246,-0.034,7.000,0.105
"EUR, AUD, NZD vs USD",open,0.200,12003,0.442,0.160,0.217,-0.114,-9.396,3.750,0.102
"EUR, GBP, JPY vs USD",sma,0.300,5884,0.468,-0.005,0.220,-0.138,-0.116,6.250,0.082
"EUR, GBP, AUD vs USD",open,0.200,10655,0.449,0.132,0.223,-0.146,-6.860,4.000,0.078
"EUR, GBP, AUD vs USD",bar,1.000,79,0.544,15.315,0.258,-0.181,1.936,7.250,0.077
"EUR, GBP, AUD vs USD",sma,0.750,797,0.452,-2.302,0.358,-0.289,6.787,7.250,0.069
"crosses EURGBP, AUDNZD, EURCHF",open,0.400,1495,0.542,1.100,0.200,-0.141,-0.845,7.500,0.060
"EUR, GBP, CHF vs USD",open,0.200,9246,0.462,0.157,0.234,-0.175,-10.413,4.500,0.059
"EUR, GBP, AUD vs USD",open,0.300,6205,0.470,0.026,0.273,-0.218,-9.534,5.500,0.054
"AUD, NZD, JPY vs USD",sma,0.400,5244,0.465,-0.517,0.274,-0.222,-5.555,6.750,0.052
"AUD, NZD, JPY vs USD",sma,0.500,3404,0.474,-0.970,0.318,-0.277,-1.980,7.250,0.040
"EUR, GBP, AUD vs USD",open,0.400,3973,0.482,0.094,0.272,-0.257,-9.979,6.250,0.015
"EUR, GBP, CHF vs USD",sma,0.500,1873,0.487,-0.619,0.304,-0.301,-0.493,7.000,0.003
"EUR, GBP, JPY vs USD",bar,0.500,754,0.463,-0.362,0.365,-0.364,0.302,6.250,0.002
"EUR, GBP, CHF vs USD",open,0.300,5251,0.473,-0.275,0.285,-0.286,-14.699,5.500,-0.001
"EUR, GBP, CHF vs USD",open,0.750,815,0.514,-0.040,0.328,-0.330,-2.372,6.500,-0.002
"AUD, NZD, JPY vs USD",sma,0.200,13559,0.424,-0.205,0.090,-0.095,2.522,4.000,-0.005
"EUR, GBP, CHF vs USD",open,0.400,3317,0.476,-0.308,0.287,-0.299,-9.255,6.250,-0.012
"EUR, GBP, CHF vs USD",sma,1.000,197,0.452,-8.314,0.421,-0.433,1.418,7.750,-0.013
"AUD, NZD, JPY vs USD",open,0.750,1591,0.514,0.876,0.317,-0.332,-3.629,7.250,-0.016
"AUD, NZD, JPY vs USD",open,0.300,7652,0.461,-0.215,0.202,-0.222,-17.926,5.500,-0.020
"EUR, GBP, CHF vs USD",open,1.000,329,0.477,-0.964,0.334,-0.362,1.261,6.750,-0.029
"EUR, AUD, NZD vs USD",open,0.500,3187,0.481,0.341,0.267,-0.300,-8.673,6.750,-0.033
"EUR, GBP, CHF vs USD",sma,0.750,559,0.467,-3.792,0.405,-0.441,2.399,7.250,-0.036
"EUR, GBP, JPY vs USD",sma,0.400,3500,0.472,-0.862,0.236,-0.275,-9.394,6.750,-0.039
"EUR, GBP, CHF vs USD",bar,0.500,615,0.452,-1.431,0.339,-0.383,-0.776,6.000,-0.044
"EUR, GBP, JPY vs USD",open,0.200,9707,0.450,-0.081,0.225,-0.280,-8.618,4.500,-0.055
"crosses EURGBP, AUDNZD, EURCHF",open,0.200,5372,0.493,0.095,0.077,-0.137,-8.215,6.000,-0.060
"AUD, NZD, JPY vs USD",open,0.400,5065,0.477,-0.121,0.255,-0.321,-17.078,6.500,-0.066
"AUD, NZD, JPY vs USD",sma,0.300,8176,0.459,0.023,0.175,-0.254,-1.262,5.750,-0.079
"AUD, NZD, JPY vs USD",open,0.200,12747,0.433,-0.103,0.178,-0.259,-10.782,3.750,-0.080
"EUR, GBP, JPY vs USD",sma,0.500,2153,0.468,-1.338,0.289,-0.398,-2.793,7.000,-0.109
"EUR, GBP, AUD vs USD",open,0.750,1087,0.512,0.971,0.299,-0.410,-1.224,6.750,-0.111
"EUR, GBP, JPY vs USD",open,0.300,5631,0.466,-0.322,0.214,-0.334,-13.079,5.750,-0.121
"EUR, GBP, CHF vs USD",open,0.500,2158,0.476,-0.878,0.291,-0.419,-9.041,6.500,-0.127
"EUR, GBP, JPY vs USD",open,0.750,983,0.496,0.127,0.265,-0.404,-0.006,7.000,-0.139
"crosses EURGBP, AUDNZD, EURCHF",bar,0.500,155,0.432,-0.985,0.174,-0.318,-0.835,9.250,-0.144
"EUR, GBP, JPY vs USD",open,0.400,3626,0.480,-0.419,0.239,-0.397,-6.963,6.250,-0.158
"EUR, GBP, AUD vs USD",open,0.500,2669,0.483,0.054,0.277,-0.436,-4.438,6.500,-0.159
"crosses EURGBP, AUDNZD, EURCHF",open,0.300,2714,0.504,0.405,0.096,-0.260,-4.806,7.000,-0.164
"crosses EURGBP, AUDNZD, EURCHF",open,1.000,83,0.530,10.794,-0.015,-0.153,-0.225,7.000,-0.168
"EUR, GBP, JPY vs USD",sma,0.750,718,0.467,-4.267,0.369,-0.554,-0.109,7.750,-0.186
"EUR, GBP, CHF vs USD",bar,0.750,171,0.450,-3.968,0.252,-0.499,-0.245,7.000,-0.247
"EUR, GBP, JPY vs USD",open,0.500,2385,0.477,-0.461,0.228,-0.492,-5.848,6.750,-0.264
"AUD, NZD, JPY vs USD",open,0.500,3515,0.478,0.126,0.240,-0.517,-9.751,7.000,-0.277
"EUR, GBP, JPY vs USD",sma,1.000,292,0.466,-4.183,0.205,-0.490,-2.774,8.000,-0.285
"EUR, GBP, JPY vs USD",bar,0.750,219,0.470,-1.732,0.180,-0.477,1.333,6.750,-0.297
"EUR, GBP, CHF vs USD",bar,1.000,55,0.473,4.079,0.062,-0.454,0.127,8.000,-0.392
"EUR, GBP, JPY vs USD",bar,1.000,87,0.448,-2.827,0.079,-0.507,-1.293,8.000,-0.427
