pairs,family,x,stop,rr,trades,win,net_bp,sharpe,ret_dd,y2026,timing,pnl,score
"EUR, AUD, NZD vs USD",gap,0.050,0.400,2.000,386,0.446,0.535,0.079,0.103,1101.798,0.734,0.462,1.196
"EUR, AUD, NZD vs USD",gap,0.050,0.200,2.000,386,0.316,-2.698,-0.721,-0.727,112.910,0.734,0.442,1.176
"EUR, GBP, AUD vs USD",gap,0.050,0.200,1.000,333,0.514,-0.327,-0.107,-0.218,236.089,0.645,0.449,1.095
"EUR, AUD, NZD vs USD",gap,0.150,0.400,2.000,138,0.486,5.925,0.466,1.254,772.835,0.509,0.582,1.091
"EUR, GBP, AUD vs USD",gap,0.050,0.400,2.000,333,0.480,1.545,0.218,0.425,753.132,0.645,0.437,1.083
"EUR, AUD, NZD vs USD",gap,0.050,0.400,1.000,386,0.487,-1.739,-0.321,-0.341,784.774,0.734,0.316,1.050
"EUR, GBP, AUD vs USD",gap,0.050,0.200,2.000,333,0.363,-0.773,-0.191,-0.281,316.184,0.645,0.385,1.030
"EUR, AUD, NZD vs USD",gap,0.300,0.400,1.000,64,0.594,5.373,0.400,1.100,269.550,0.400,0.614,1.014
"EUR, GBP, CHF vs USD",gap,0.050,0.400,2.000,298,0.463,0.075,0.011,0.019,362.672,0.628,0.383,1.010
"EUR, GBP, AUD vs USD",gap,0.050,0.400,1.000,333,0.520,-0.238,-0.043,-0.078,562.599,0.645,0.361,1.006
"EUR, AUD, NZD vs USD",gap,0.050,0.200,1.000,386,0.482,-1.648,-0.594,-0.720,24.556,0.734,0.269,1.004
"AUD, NZD, JPY vs USD",gap,0.050,0.200,2.000,404,0.302,-3.024,-0.860,-0.826,74.766,0.656,0.342,0.999
"EUR, AUD, NZD vs USD",gap,0.300,0.400,2.000,64,0.562,15.104,0.708,4.246,367.671,0.400,0.593,0.993
"EUR, GBP, AUD vs USD",gap,0.150,0.400,2.000,118,0.517,6.191,0.449,1.163,648.903,0.544,0.443,0.987
"AUD, NZD, JPY vs USD",gap,0.150,0.400,2.000,140,0.421,0.131,0.012,0.021,579.080,0.538,0.430,0.968
"EUR, AUD, NZD vs USD",gap,0.150,0.200,2.000,138,0.297,-4.124,-0.680,-0.804,83.176,0.509,0.452,0.961
"AUD, NZD, JPY vs USD",gap,0.300,0.400,1.000,65,0.523,0.911,0.067,0.150,276.630,0.469,0.492,0.960
"EUR, AUD, NZD vs USD",gap,0.150,0.400,1.000,138,0.529,0.670,0.074,0.113,570.150,0.509,0.450,0.959
"AUD, NZD, JPY vs USD",gap,0.050,0.400,2.000,404,0.426,-0.425,-0.067,-0.088,713.252,0.656,0.301,0.958
"EUR, GBP, CHF vs USD",gap,0.150,0.400,2.000,94,0.511,5.019,0.352,0.680,449.000,0.500,0.448,0.947
"AUD, NZD, JPY vs USD",gap,0.300,0.400,2.000,65,0.446,3.995,0.227,0.614,234.834,0.469,0.475,0.944
"EUR, AUD, NZD vs USD",gap,0.300,0.200,2.000,64,0.359,0.357,0.037,0.097,36.556,0.400,0.532,0.932
"AUD, NZD, JPY vs USD",gap,0.150,0.200,2.000,140,0.279,-4.706,-0.769,-0.843,102.425,0.538,0.378,0.916
"EUR, GBP, CHF vs USD",gap,0.050,0.400,1.000,298,0.497,-1.265,-0.225,-0.348,145.841,0.628,0.273,0.900
"AUD, NZD, JPY vs USD",gap,0.050,0.200,1.000,404,0.470,-1.988,-0.763,-0.784,19.311,0.656,0.243,0.899
"AUD, NZD, JPY vs USD",gap,0.050,0.400,1.000,404,0.478,-1.591,-0.319,-0.356,553.625,0.656,0.226,0.882
"EUR, GBP, CHF vs USD",gap,0.050,0.200,2.000,298,0.376,-0.589,-0.132,-0.215,-8.301,0.628,0.250,0.878
"AUD, NZD, JPY vs USD",gap,0.300,0.200,2.000,65,0.308,-2.579,-0.258,-0.453,77.456,0.469,0.400,0.868
"EUR, GBP, JPY vs USD",gap,0.050,0.200,2.000,314,0.360,-1.096,-0.273,-0.451,67.425,0.639,0.226,0.866
"EUR, GBP, JPY vs USD",gap,0.050,0.400,2.000,314,0.449,-1.609,-0.255,-0.444,177.788,0.639,0.225,0.865
"EUR, GBP, JPY vs USD",gap,0.050,0.400,1.000,314,0.490,-1.864,-0.351,-0.563,98.752,0.639,0.224,0.863
"AUD, NZD, JPY vs USD",gap,0.150,0.400,1.000,140,0.486,-2.433,-0.271,-0.339,506.747,0.538,0.320,0.858
"EUR, GBP, JPY vs USD",gap,0.050,0.200,1.000,314,0.487,-1.154,-0.386,-0.581,131.042,0.639,0.209,0.848
"EUR, GBP, JPY vs USD",gap,0.150,0.400,2.000,109,0.459,-0.411,-0.034,-0.074,304.054,0.449,0.398,0.846
"EUR, GBP, CHF vs USD",gap,0.150,0.400,1.000,94,0.543,0.729,0.066,0.111,246.426,0.500,0.327,0.827
"EUR, GBP, AUD vs USD",gap,0.150,0.200,1.000,118,0.500,-0.931,-0.172,-0.245,252.777,0.544,0.274,0.818
"EUR, AUD, NZD vs USD",gap,0.300,0.200,1.000,64,0.516,-0.298,-0.040,-0.080,61.700,0.400,0.415,0.815
"EUR, GBP, AUD vs USD",gap,0.150,0.400,1.000,118,0.551,0.775,0.079,0.124,393.322,0.544,0.270,0.814
"EUR, GBP, AUD vs USD",gap,0.150,0.200,2.000,118,0.339,-2.251,-0.316,-0.345,271.976,0.544,0.250,0.794
"EUR, GBP, JPY vs USD",prevday,0.300,0.400,2.000,2166,0.448,0.688,0.271,0.782,717.341,0.251,0.541,0.792
"EUR, GBP, JPY vs USD",prevday,0.300,0.400,1.000,2166,0.502,0.576,0.277,0.768,546.791,0.251,0.531,0.782
"EUR, GBP, JPY vs USD",prevday,0.300,0.200,2.000,2166,0.372,0.226,0.147,0.313,347.483,0.251,0.526,0.777
"EUR, GBP, CHF vs USD",gap,0.150,0.200,2.000,94,0.340,-2.189,-0.266,-0.318,80.177,0.500,0.272,0.772
"EUR, GBP, CHF vs USD",prevday,0.300,0.400,2.000,2127,0.457,0.786,0.282,0.818,798.975,0.299,0.457,0.755
"EUR, GBP, JPY vs USD",gap,0.150,0.200,1.000,109,0.523,0.059,0.011,0.021,220.177,0.449,0.301,0.750
"EUR, GBP, JPY vs USD",gap,0.150,0.400,1.000,109,0.495,-3.112,-0.327,-0.460,204.257,0.449,0.294,0.743
"EUR, GBP, CHF vs USD",gap,0.150,0.200,1.000,94,0.511,-0.541,-0.087,-0.149,80.177,0.500,0.237,0.737
"AUD, NZD, JPY vs USD",gap,0.150,0.200,1.000,140,0.414,-4.232,-0.895,-0.861,61.800,0.538,0.190,0.728
"EUR, GBP, CHF vs USD",prevday,0.300,0.200,2.000,2127,0.382,0.392,0.224,0.516,344.153,0.299,0.419,0.718
"AUD, NZD, JPY vs USD",gap,0.300,0.200,1.000,65,0.462,-2.486,-0.352,-0.671,22.600,0.469,0.243,0.712
"EUR, GBP, AUD vs USD",prevday,0.600,0.200,1.000,984,0.552,1.293,0.723,2.791,440.712,0.276,0.434,0.711
"EUR, GBP, CHF vs USD",prevday,0.600,0.400,1.000,823,0.530,1.802,0.489,2.344,360.094,0.234,0.472,0.706
"EUR, AUD, NZD vs USD",gap,0.150,0.200,1.000,138,0.442,-3.228,-0.653,-0.766,63.977,0.509,0.190,0.699
"EUR, GBP, CHF vs USD",prevday,0.300,0.400,1.000,2127,0.502,0.284,0.123,0.461,209.201,0.299,0.383,0.681
"EUR, GBP, JPY vs USD",prevday,0.300,0.200,1.000,2166,0.521,0.228,0.202,0.600,512.821,0.251,0.417,0.668
"EUR, GBP, AUD vs USD",prevday,0.300,0.200,1.000,2273,0.531,0.537,0.455,1.336,392.210,0.323,0.342,0.666
"AUD, NZD, JPY vs USD",prevday,0.600,0.200,2.000,1262,0.365,0.282,0.129,0.244,453.907,0.226,0.435,0.661
"EUR, GBP, CHF vs USD",prevday,0.600,0.200,1.000,823,0.566,1.808,0.907,4.507,524.112,0.234,0.424,0.658
"EUR, GBP, JPY vs USD",gap,0.150,0.200,2.000,109,0.349,-2.067,-0.281,-0.339,201.604,0.449,0.200,0.649
"EUR, GBP, CHF vs USD",prevday,0.300,0.200,1.000,2127,0.531,0.487,0.372,1.104,541.931,0.299,0.341,0.640
"EUR, GBP, JPY vs USD",friday,0.200,0.400,1.000,540,0.498,0.298,0.083,0.187,171.348,0.172,0.463,0.635
"EUR, GBP, JPY vs USD",prevday,0.600,0.200,1.000,898,0.559,1.689,0.932,3.437,530.663,0.151,0.484,0.635
"AUD, NZD, JPY vs USD",prevday,0.600,0.200,1.000,1262,0.525,0.051,0.033,0.062,446.714,0.226,0.399,0.625
"EUR, GBP, AUD vs USD",prevday,0.300,0.200,2.000,2273,0.375,0.513,0.315,0.820,141.044,0.323,0.298,0.621
"EUR, GBP, JPY vs USD",friday,0.200,0.200,2.000,540,0.409,1.436,0.452,1.418,116.294,0.172,0.441,0.613
"EUR, GBP, AUD vs USD",prevday,0.300,0.400,2.000,2273,0.445,0.778,0.283,0.974,85.416,0.323,0.288,0.612
"EUR, GBP, CHF vs USD",prevday,0.600,0.400,2.000,823,0.474,2.513,0.555,2.436,695.579,0.234,0.374,0.609
"EUR, GBP, AUD vs USD",prevday,0.300,0.400,1.000,2273,0.506,0.495,0.224,0.756,84.072,0.323,0.267,0.590
"EUR, GBP, JPY vs USD",friday,0.200,0.400,2.000,540,0.446,-1.233,-0.247,-0.383,167.618,0.172,0.418,0.590
"EUR, GBP, JPY vs USD",prevday,0.600,0.400,2.000,898,0.455,2.408,0.583,3.205,369.051,0.151,0.434,0.585
"AUD, NZD, JPY vs USD",asia,0.400,0.200,1.000,875,0.499,-0.986,-0.520,-0.850,-99.536,0.335,0.250,0.585
"EUR, GBP, CHF vs USD",gap,0.050,0.200,1.000,298,0.507,-0.445,-0.135,-0.278,12.310,0.628,-0.045,0.583
"EUR, AUD, NZD vs USD",prevday,0.600,0.200,1.000,1158,0.535,0.438,0.261,0.548,423.763,0.233,0.338,0.571
"EUR, GBP, AUD vs USD",friday,0.200,0.400,2.000,567,0.451,-0.936,-0.188,-0.523,38.298,0.182,0.375,0.557
"AUD, NZD, JPY vs USD",prevday,0.600,0.400,1.000,1262,0.513,0.181,0.058,0.090,618.331,0.226,0.298,0.524
"EUR, GBP, CHF vs USD",friday,0.200,0.200,2.000,530,0.436,2.459,0.705,3.040,158.677,0.059,0.464,0.523
"EUR, GBP, JPY vs USD",prevday,0.600,0.400,1.000,898,0.528,2.083,0.638,2.817,305.433,0.151,0.369,0.520
"EUR, GBP, AUD vs USD",prevday,0.000,0.200,2.000,4396,0.376,0.189,0.165,0.322,745.429,0.121,0.377,0.498
"EUR, GBP, CHF vs USD",prevday,0.000,0.200,2.000,4397,0.379,-0.166,-0.140,-0.286,127.039,0.150,0.346,0.495
"EUR, AUD, NZD vs USD",asia,0.400,0.200,1.000,708,0.514,-0.441,-0.203,-0.416,-1.891,0.273,0.221,0.494
"AUD, NZD, JPY vs USD",prevday,0.300,0.400,1.000,2545,0.510,0.034,0.024,0.035,1050.150,0.189,0.302,0.491
"crosses EURGBP, AUDNZD, EURCHF",prevday,0.600,0.400,1.000,301,0.495,-0.263,-0.057,-0.137,149.560,0.182,0.298,0.480
"EUR, GBP, AUD vs USD",prevday,0.600,0.400,1.000,984,0.516,0.835,0.255,0.790,139.886,0.276,0.203,0.479
"EUR, GBP, JPY vs USD",prevday,0.600,0.200,2.000,898,0.382,1.134,0.455,1.400,199.110,0.151,0.326,0.478
"EUR, AUD, NZD vs USD",asia,0.200,0.200,1.000,1868,0.509,-0.587,-0.429,-0.680,-152.560,0.261,0.216,0.477
"AUD, NZD, JPY vs USD",prevday,0.300,0.400,2.000,2545,0.430,-0.275,-0.096,-0.152,642.109,0.189,0.288,0.477
"EUR, GBP, JPY vs USD",prevday,0.000,0.200,2.000,4392,0.373,-0.251,-0.229,-0.360,333.484,0.133,0.344,0.477
"EUR, GBP, AUD vs USD",prevday,0.000,0.200,1.000,4396,0.516,-0.032,-0.034,-0.060,522.817,0.121,0.349,0.471
"EUR, GBP, JPY vs USD",prevday,0.000,0.400,2.000,4392,0.452,-0.096,-0.054,-0.109,1043.514,0.133,0.335,0.467
"EUR, GBP, CHF vs USD",friday,0.200,0.400,1.000,530,0.498,-0.026,-0.007,-0.015,92.442,0.059,0.407,0.466
"EUR, GBP, AUD vs USD",friday,0.200,0.400,1.000,567,0.497,-0.325,-0.082,-0.203,137.559,0.182,0.279,0.462
"EUR, GBP, AUD vs USD",friday,0.200,0.200,2.000,567,0.392,0.573,0.165,0.454,192.992,0.182,0.272,0.454
"EUR, AUD, NZD vs USD",prevday,0.600,0.200,2.000,1158,0.373,0.447,0.191,0.373,321.010,0.233,0.221,0.454
"EUR, GBP, AUD vs USD",prevday,0.000,0.400,2.000,4395,0.456,0.686,0.359,0.904,1234.440,0.121,0.332,0.453
"AUD, NZD, JPY vs USD",prevday,0.300,0.200,2.000,2545,0.353,-0.561,-0.362,-0.470,580.898,0.189,0.262,0.451
"EUR, GBP, CHF vs USD",prevday,0.000,0.400,2.000,4397,0.462,0.046,0.023,0.045,884.895,0.150,0.301,0.450
"EUR, AUD, NZD vs USD",asia,0.000,0.200,1.000,4377,0.505,-0.644,-0.723,-0.743,128.481,0.252,0.198,0.450
"crosses EURGBP, AUDNZD, EURCHF",rsi,0.000,0.400,1.000,1107,0.471,-1.788,-0.994,-0.886,-201.675,0.332,0.116,0.448
"EUR, GBP, CHF vs USD",prevday,0.600,0.200,2.000,823,0.400,1.750,0.614,2.451,208.996,0.234,0.212,0.446
"EUR, GBP, JPY vs USD",friday,0.000,0.200,2.000,875,0.409,0.703,0.286,0.657,214.317,0.105,0.339,0.444
"EUR, GBP, AUD vs USD",prevday,0.600,0.400,2.000,984,0.436,0.568,0.135,0.439,-39.262,0.276,0.165,0.442
"crosses EURGBP, AUDNZD, EURCHF",asia,0.000,0.400,2.000,4433,0.475,-0.768,-0.826,-0.920,-615.612,0.172,0.266,0.438
"EUR, GBP, CHF vs USD",prevday,0.000,0.200,1.000,4397,0.515,-0.139,-0.172,-0.329,229.957,0.150,0.288,0.437
"AUD, NZD, JPY vs USD",prevday,0.600,0.400,2.000,1262,0.415,-0.597,-0.153,-0.200,85.918,0.226,0.210,0.436
"EUR, AUD, NZD vs USD",prevday,0.600,0.400,1.000,1158,0.512,-0.197,-0.061,-0.097,341.216,0.233,0.199,0.432
"EUR, GBP, JPY vs USD",friday,0.000,0.400,1.000,875,0.509,0.202,0.071,0.119,361.183,0.105,0.322,0.427
"EUR, GBP, CHF vs USD",friday,0.400,0.200,2.000,294,0.466,4.487,0.958,6.360,133.695,-0.057,0.483,0.426
"EUR, GBP, AUD vs USD",prevday,0.600,0.200,2.000,984,0.388,1.415,0.572,1.733,79.793,0.276,0.149,0.426
"crosses EURGBP, AUDNZD, EURCHF",asia,0.000,0.200,1.000,4433,0.486,-0.929,-1.525,-0.995,-578.979,0.172,0.253,0.425
"EUR, GBP, CHF vs USD",friday,0.400,0.400,1.000,294,0.531,1.052,0.171,0.832,99.880,-0.057,0.476,0.420
"EUR, AUD, NZD vs USD",prevday,0.000,0.200,2.000,4410,0.363,-0.373,-0.309,-0.390,772.912,0.139,0.279,0.418
"EUR, GBP, AUD vs USD",asia,0.000,0.200,1.000,4373,0.503,-0.611,-0.711,-0.751,339.254,0.189,0.227,0.417
"EUR, GBP, CHF vs USD",friday,0.200,0.400,2.000,530,0.457,-0.532,-0.103,-0.171,114.102,0.059,0.357,0.416
"crosses EURGBP, AUDNZD, EURCHF",asia,0.400,0.200,1.000,150,0.447,-2.573,-0.692,-0.747,-35.431,0.378,0.037,0.416
"EUR, AUD, NZD vs USD",prevday,0.300,0.200,2.000,2440,0.361,-0.226,-0.141,-0.235,328.556,0.294,0.117,0.412
"crosses EURGBP, AUDNZD, EURCHF",prevday,0.600,0.200,2.000,301,0.422,1.217,0.317,0.666,52.649,0.182,0.228,0.410
"crosses EURGBP, AUDNZD, EURCHF",asia,0.400,0.400,2.000,150,0.453,0.181,0.029,0.110,40.549,0.378,0.030,0.408
"EUR, AUD, NZD vs USD",prevday,0.300,0.400,2.000,2440,0.438,0.295,0.106,0.294,187.658,0.294,0.113,0.407
"crosses EURGBP, AUDNZD, EURCHF",prevday,0.600,0.400,2.000,301,0.455,0.177,0.034,0.107,80.561,0.182,0.224,0.406
"crosses EURGBP, AUDNZD, EURCHF",prevday,0.600,0.200,1.000,301,0.542,0.541,0.195,0.754,-31.677,0.182,0.222,0.404
"crosses EURGBP, AUDNZD, EURCHF",rsi,0.000,0.400,2.000,1107,0.462,-1.776,-0.933,-0.849,-204.974,0.332,0.062,0.394
"AUD, NZD, JPY vs USD",prevday,0.000,0.200,2.000,4405,0.357,-0.510,-0.433,-0.465,958.462,0.144,0.244,0.387
"crosses EURGBP, AUDNZD, EURCHF",rsi,0.000,0.200,1.000,1107,0.479,-1.019,-0.823,-0.874,-250.601,0.332,0.053,0.385
"EUR, AUD, NZD vs USD",prevday,0.300,0.400,1.000,2440,0.508,0.023,0.010,0.021,365.761,0.294,0.088,0.382
"AUD, NZD, JPY vs USD",asia,0.200,0.200,1.000,2147,0.506,-0.728,-0.598,-0.790,-57.912,0.243,0.138,0.381
"EUR, GBP, JPY vs USD",friday,0.000,0.400,2.000,875,0.465,-0.659,-0.179,-0.231,428.816,0.105,0.273,0.378
"EUR, GBP, CHF vs USD",asia,0.000,0.200,1.000,4364,0.500,-0.710,-0.823,-0.913,-256.235,0.263,0.110,0.374
"EUR, GBP, CHF vs USD",friday,0.000,0.200,2.000,874,0.416,0.861,0.317,0.920,-127.062,0.091,0.281,0.371
"EUR, GBP, JPY vs USD",friday,0.200,0.200,1.000,540,0.528,0.406,0.180,0.475,69.177,0.172,0.197,0.369
"EUR, GBP, JPY vs USD",prevday,0.000,0.400,1.000,4392,0.499,-0.161,-0.109,-0.205,621.682,0.133,0.235,0.368
"EUR, GBP, AUD vs USD",prevday,0.000,0.400,1.000,4395,0.510,0.452,0.291,0.772,865.029,0.121,0.246,0.367
"EUR, AUD, NZD vs USD",prevday,0.600,0.400,2.000,1158,0.425,-0.477,-0.115,-0.203,0.733,0.233,0.128,0.361
"EUR, GBP, JPY vs USD",prevday,0.000,0.200,1.000,4392,0.507,-0.331,-0.418,-0.625,479.652,0.133,0.223,0.356
"EUR, GBP, CHF vs USD",prevday,0.000,0.400,1.000,4397,0.501,-0.246,-0.159,-0.288,3.259,0.150,0.199,0.349
"AUD, NZD, JPY vs USD",prevday,0.000,0.400,2.000,4403,0.437,0.314,0.162,0.305,1420.950,0.144,0.204,0.347
"EUR, GBP, AUD vs USD",asia,0.200,0.200,1.000,1463,0.504,-0.590,-0.401,-0.657,-39.742,0.288,0.043,0.331
"EUR, GBP, JPY vs USD",friday,0.400,0.400,1.000,323,0.498,0.018,0.027,0.079,29.974,-0.130,0.452,0.322
"crosses EURGBP, AUDNZD, EURCHF",asia,0.000,0.400,1.000,4433,0.479,-1.225,-1.438,-0.952,-727.517,0.172,0.140,0.312
"EUR, AUD, NZD vs USD",prevday,0.000,0.400,2.000,4408,0.449,0.650,0.323,0.767,915.592,0.139,0.167,0.306
"EUR, GBP, CHF vs USD",friday,0.400,0.400,2.000,294,0.490,0.233,0.032,0.109,105.600,-0.057,0.357,0.300
"crosses EURGBP, AUDNZD, EURCHF",asia,0.000,0.200,2.000,4433,0.440,-0.817,-1.123,-0.988,-541.370,0.172,0.128,0.300
"crosses EURGBP, AUDNZD, EURCHF",rsi,0.000,0.200,2.000,1107,0.437,-0.530,-0.356,-0.547,-178.309,0.332,-0.037,0.295
"EUR, GBP, JPY vs USD",friday,0.400,0.200,2.000,323,0.406,1.948,0.480,2.663,126.629,-0.130,0.412,0.282
"EUR, AUD, NZD vs USD",prevday,0.300,0.200,1.000,2440,0.518,-0.185,-0.158,-0.294,143.455,0.294,-0.019,0.275
"EUR, AUD, NZD vs USD",prevday,0.000,0.400,1.000,4409,0.511,0.085,0.047,0.103,434.365,0.139,0.129,0.268
"AUD, NZD, JPY vs USD",prevday,0.300,0.200,1.000,2545,0.506,-0.692,-0.620,-0.637,358.574,0.189,0.074,0.264
"EUR, AUD, NZD vs USD",prevday,0.000,0.200,1.000,4410,0.508,-0.555,-0.642,-0.670,60.518,0.139,0.123,0.261
"AUD, NZD, JPY vs USD",prevday,0.000,0.400,1.000,4404,0.508,-0.004,-0.002,-0.003,998.241,0.144,0.113,0.256
"crosses EURGBP, AUDNZD, EURCHF",asia,0.400,0.200,2.000,150,0.367,-2.658,-0.579,-0.681,11.118,0.378,-0.132,0.246
"crosses EURGBP, AUDNZD, EURCHF",prevday,0.000,0.200,1.000,4434,0.510,-0.374,-0.542,-0.814,-528.227,0.172,0.074,0.246
"crosses EURGBP, AUDNZD, EURCHF",prevday,0.000,0.400,2.000,4433,0.491,0.192,0.194,0.687,-24.886,0.172,0.067,0.239
"EUR, GBP, JPY vs USD",friday,0.400,0.400,2.000,323,0.443,-2.527,-0.394,-0.658,72.039,-0.130,0.368,0.238
"crosses EURGBP, AUDNZD, EURCHF",prevday,0.300,0.400,1.000,1256,0.498,-0.294,-0.144,-0.298,230.003,0.132,0.105,0.237
"EUR, GBP, CHF vs USD",friday,0.000,0.400,1.000,874,0.509,-0.109,-0.039,-0.072,-207.344,0.091,0.145,0.235
"EUR, GBP, AUD vs USD",asia,0.400,0.200,1.000,474,0.532,0.405,0.162,0.500,1.309,0.313,-0.079,0.233
"EUR, GBP, AUD vs USD",friday,0.000,0.400,2.000,876,0.474,0.275,0.062,0.116,123.471,0.094,0.136,0.230
"crosses EURGBP, AUDNZD, EURCHF",prevday,0.000,0.400,1.000,4433,0.500,-0.093,-0.087,-0.206,-108.080,0.172,0.053,0.225
"crosses EURGBP, AUDNZD, EURCHF",prevday,0.000,0.200,2.000,4434,0.443,0.288,0.360,0.904,246.116,0.172,0.052,0.224
"EUR, GBP, JPY vs USD",asia,0.400,0.200,1.000,401,0.464,-2.222,-0.848,-0.896,-194.427,0.503,-0.287,0.216
"AUD, NZD, JPY vs USD",prevday,0.000,0.200,1.000,4405,0.503,-0.815,-0.990,-0.767,107.499,0.144,0.072,0.216
"crosses EURGBP, AUDNZD, EURCHF",asia,0.400,0.400,1.000,150,0.453,-2.427,-0.488,-0.650,-0.212,0.378,-0.163,0.215
"EUR, GBP, CHF vs USD",friday,0.000,0.400,2.000,874,0.474,-0.375,-0.104,-0.140,-204.865,0.091,0.120,0.211
"crosses EURGBP, AUDNZD, EURCHF",friday,0.000,0.400,1.000,882,0.505,1.115,0.529,1.457,159.389,0.081,0.109,0.190
"EUR, AUD, NZD vs USD",friday,0.200,0.400,2.000,604,0.462,0.445,0.084,0.300,420.893,0.084,0.106,0.190
"crosses EURGBP, AUDNZD, EURCHF",prevday,0.300,0.400,2.000,1256,0.479,-0.400,-0.183,-0.371,111.634,0.132,0.049,0.181
"EUR, GBP, JPY vs USD",asia,0.400,0.200,2.000,401,0.319,-2.570,-0.735,-0.864,-339.008,0.503,-0.324,0.179
"EUR, GBP, AUD vs USD",friday,0.000,0.400,1.000,876,0.513,0.188,0.047,0.081,103.625,0.094,0.083,0.177
"EUR, GBP, AUD vs USD",friday,0.000,0.200,2.000,876,0.396,0.358,0.134,0.266,151.553,0.094,0.080,0.173
"AUD, NZD, JPY vs USD",friday,0.000,0.400,2.000,874,0.462,1.199,0.299,1.044,665.460,0.101,0.067,0.168
"EUR, GBP, JPY vs USD",friday,0.400,0.200,1.000,323,0.548,1.224,0.430,1.629,150.045,-0.130,0.291,0.161
"EUR, AUD, NZD vs USD",asia,0.000,0.400,1.000,4377,0.493,-0.703,-0.450,-0.710,90.062,0.252,-0.102,0.150
"EUR, GBP, CHF vs USD",friday,0.400,0.200,1.000,294,0.599,3.019,0.944,6.001,185.045,-0.057,0.206,0.149
"AUD, NZD, JPY vs USD",friday,0.200,0.400,2.000,624,0.455,0.564,0.124,0.387,625.218,0.027,0.117,0.144
"crosses EURGBP, AUDNZD, EURCHF",asia,0.200,0.400,2.000,767,0.473,-0.551,-0.216,-0.423,-179.974,0.175,-0.033,0.142
"EUR, GBP, CHF vs USD",friday,0.200,0.200,1.000,530,0.560,1.592,0.616,1.891,179.777,0.059,0.075,0.134
"AUD, NZD, JPY vs USD",asia,0.400,0.200,2.000,875,0.336,-1.735,-0.672,-0.836,-101.961,0.335,-0.208,0.127
"EUR, GBP, JPY vs USD",asia,0.400,0.400,2.000,401,0.421,-2.142,-0.368,-0.703,-338.758,0.503,-0.377,0.126
"EUR, GBP, AUD vs USD",friday,0.400,0.400,2.000,340,0.444,-2.264,-0.342,-0.787,-58.521,-0.089,0.207,0.117
"EUR, GBP, CHF vs USD",asia,0.000,0.200,2.000,4364,0.383,-0.483,-0.412,-0.804,27.249,0.263,-0.147,0.116
"EUR, AUD, NZD vs USD",asia,0.200,0.400,1.000,1868,0.475,-2.093,-0.839,-0.947,-504.309,0.261,-0.150,0.111
"EUR, GBP, JPY vs USD",asia,0.400,0.400,1.000,401,0.471,-3.270,-0.719,-0.815,-443.075,0.503,-0.406,0.097
"EUR, GBP, CHF vs USD",asia,0.400,0.200,2.000,244,0.385,1.223,0.241,0.647,-278.424,0.439,-0.352,0.088
"AUD, NZD, JPY vs USD",asia,0.000,0.200,1.000,4385,0.500,-0.949,-1.130,-0.931,-26.954,0.049,0.038,0.087
"crosses EURGBP, AUDNZD, EURCHF",asia,0.200,0.200,1.000,767,0.477,-1.629,-1.038,-0.859,-177.887,0.175,-0.091,0.083
"EUR, AUD, NZD vs USD",asia,0.000,0.200,2.000,4377,0.367,-0.880,-0.725,-0.834,151.404,0.252,-0.170,0.082
"EUR, AUD, NZD vs USD",asia,0.400,0.400,1.000,708,0.524,1.159,0.291,0.740,32.581,0.273,-0.193,0.080
"EUR, GBP, CHF vs USD",asia,0.400,0.400,1.000,244,0.541,2.035,0.327,1.143,-344.534,0.439,-0.364,0.075
"crosses EURGBP, AUDNZD, EURCHF",prevday,0.300,0.200,2.000,1256,0.421,0.023,0.018,0.028,100.814,0.132,-0.072,0.061
"EUR, AUD, NZD vs USD",asia,0.400,0.200,2.000,708,0.352,-0.593,-0.195,-0.364,-99.735,0.273,-0.222,0.051
"crosses EURGBP, AUDNZD, EURCHF",friday,0.000,0.400,2.000,882,0.493,0.918,0.403,1.187,139.333,0.081,-0.036,0.045
"crosses EURGBP, AUDNZD, EURCHF",prevday,0.300,0.200,1.000,1256,0.509,-0.459,-0.350,-0.603,-71.230,0.132,-0.089,0.043
"EUR, AUD, NZD vs USD",friday,0.200,0.400,1.000,604,0.503,-0.368,-0.083,-0.189,301.822,0.084,-0.051,0.033
"EUR, GBP, AUD vs USD",asia,0.000,0.400,1.000,4373,0.494,-0.424,-0.285,-0.556,95.006,0.189,-0.157,0.033
"crosses EURGBP, AUDNZD, EURCHF",friday,0.000,0.200,1.000,882,0.532,1.026,0.699,2.832,74.871,0.081,-0.052,0.029
"EUR, AUD, NZD vs USD",asia,0.000,0.400,2.000,4377,0.440,-1.484,-0.799,-0.874,-135.518,0.252,-0.223,0.028
"EUR, GBP, AUD vs USD",friday,0.200,0.200,1.000,567,0.527,0.364,0.144,0.283,230.456,0.182,-0.155,0.027
"AUD, NZD, JPY vs USD",asia,0.400,0.400,1.000,875,0.496,-1.287,-0.375,-0.507,-196.779,0.335,-0.314,0.021
"EUR, GBP, CHF vs USD",asia,0.400,0.400,2.000,244,0.459,1.715,0.219,1.061,-314.136,0.439,-0.419,0.020
"AUD, NZD, JPY vs USD",asia,0.200,0.200,2.000,2147,0.336,-2.308,-1.417,-0.969,-331.946,0.243,-0.229,0.014
"EUR, GBP, CHF vs USD",asia,0.000,0.400,1.000,4364,0.488,-0.843,-0.569,-0.902,-97.558,0.263,-0.249,0.014
"EUR, AUD, NZD vs USD",asia,0.200,0.200,2.000,1868,0.337,-2.016,-1.083,-0.955,-384.366,0.261,-0.260,0.001
"AUD, NZD, JPY vs USD",rsi,0.000,0.200,2.000,1311,0.321,-3.734,-2.030,-0.948,212.044,-0.203,0.204,0.001
"EUR, GBP, AUD vs USD",asia,0.400,0.400,2.000,474,0.454,1.740,0.308,1.030,-223.945,0.313,-0.313,-0.000
"EUR, AUD, NZD vs USD",friday,0.000,0.400,2.000,877,0.469,0.617,0.142,0.413,249.678,0.056,-0.063,-0.008
"AUD, NZD, JPY vs USD",friday,0.200,0.400,1.000,624,0.505,0.265,0.080,0.202,576.535,0.027,-0.039,-0.012
"EUR, GBP, AUD vs USD",friday,0.400,0.400,1.000,340,0.488,-1.603,-0.290,-0.668,-28.469,-0.089,0.078,-0.012
"EUR, AUD, NZD vs USD",asia,0.400,0.400,2.000,708,0.442,0.503,0.101,0.253,-289.221,0.273,-0.286,-0.013
"EUR, AUD, NZD vs USD",rsi,0.000,0.200,2.000,1284,0.339,-2.914,-1.526,-0.965,19.471,-0.209,0.196,-0.013
"EUR, GBP, AUD vs USD",asia,0.000,0.200,2.000,4373,0.376,-0.655,-0.560,-0.804,164.694,0.189,-0.207,-0.018
"EUR, GBP, CHF vs USD",bb,0.000,0.200,1.000,3993,0.463,-2.146,-2.635,-0.987,-779.000,-0.129,0.111,-0.018
"crosses EURGBP, AUDNZD, EURCHF",asia,0.200,0.400,1.000,767,0.484,-1.624,-0.748,-0.804,-198.063,0.175,-0.195,-0.021
"EUR, GBP, CHF vs USD",asia,0.400,0.200,1.000,244,0.525,0.020,0.006,0.020,-163.252,0.439,-0.486,-0.046
"EUR, GBP, JPY vs USD",friday,0.000,0.200,1.000,875,0.528,0.273,0.151,0.323,146.715,0.105,-0.154,-0.049
"EUR, GBP, AUD vs USD",asia,0.000,0.400,2.000,4373,0.449,-0.946,-0.542,-0.824,53.918,0.189,-0.242,-0.052
"AUD, NZD, JPY vs USD",asia,0.400,0.400,2.000,875,0.429,-1.332,-0.310,-0.514,-391.365,0.335,-0.397,-0.062
"AUD, NZD, JPY vs USD",friday,0.000,0.400,1.000,874,0.505,0.174,0.068,0.195,502.236,0.101,-0.165,-0.064
"crosses EURGBP, AUDNZD, EURCHF",friday,0.000,0.200,2.000,882,0.459,1.764,0.925,4.620,207.909,0.081,-0.158,-0.077
"crosses EURGBP, AUDNZD, EURCHF",asia,0.200,0.200,2.000,767,0.421,-1.786,-0.955,-0.861,-225.787,0.175,-0.263,-0.089
"EUR, GBP, AUD vs USD",asia,0.400,0.400,1.000,474,0.536,1.851,0.418,1.232,-73.791,0.313,-0.402,-0.090
"EUR, GBP, AUD vs USD",friday,0.400,0.200,2.000,340,0.397,1.008,0.237,0.890,32.614,-0.089,-0.002,-0.091
"EUR, GBP, CHF vs USD",friday,0.000,0.200,1.000,874,0.546,0.949,0.474,1.377,107.232,0.091,-0.189,-0.098
"EUR, GBP, CHF vs USD",rsi,0.000,0.200,1.000,1332,0.449,-2.359,-1.732,-0.982,-306.006,0.062,-0.162,-0.100
"EUR, GBP, CHF vs USD",asia,0.000,0.400,2.000,4364,0.452,-1.052,-0.609,-0.914,-89.402,0.263,-0.365,-0.102
"AUD, NZD, JPY vs USD",asia,0.000,0.200,2.000,4385,0.356,-1.564,-1.378,-0.963,100.267,0.049,-0.163,-0.114
"EUR, AUD, NZD vs USD",friday,0.000,0.400,1.000,877,0.506,-0.378,-0.113,-0.236,21.103,0.056,-0.177,-0.121
"EUR, GBP, CHF vs USD",asia,0.200,0.200,1.000,1069,0.490,-1.156,-0.656,-0.928,-534.515,0.286,-0.421,-0.135
"EUR, GBP, AUD vs USD",asia,0.400,0.200,2.000,474,0.359,0.164,0.048,0.107,-243.001,0.313,-0.460,-0.148
"EUR, AUD, NZD vs USD",asia,0.200,0.400,2.000,1868,0.406,-3.667,-1.236,-0.979,-788.908,0.261,-0.410,-0.148
"AUD, NZD, JPY vs USD",friday,0.200,0.200,2.000,624,0.351,-1.096,-0.346,-0.487,262.852,0.027,-0.182,-0.155
"AUD, NZD, JPY vs USD",asia,0.200,0.400,1.000,2147,0.470,-2.598,-1.190,-0.990,-490.671,0.243,-0.399,-0.155
"EUR, GBP, CHF vs USD",rsi,0.000,0.200,2.000,1332,0.368,-2.194,-1.240,-0.975,-573.696,0.062,-0.221,-0.159
"crosses EURGBP, AUDNZD, EURCHF",friday,0.200,0.400,1.000,394,0.503,1.245,0.389,1.345,224.730,-0.246,0.083,-0.163
"AUD, NZD, JPY vs USD",asia,0.000,0.400,1.000,4385,0.481,-1.680,-1.139,-0.965,15.440,0.049,-0.223,-0.174
"EUR, GBP, CHF vs USD",rsi,0.000,0.400,1.000,1332,0.465,-2.168,-0.934,-0.951,-781.702,0.062,-0.237,-0.175
"EUR, AUD, NZD vs USD",friday,0.200,0.200,2.000,604,0.366,-0.690,-0.217,-0.404,138.746,0.084,-0.263,-0.179
"EUR, GBP, AUD vs USD",asia,0.200,0.400,2.000,1463,0.426,-2.177,-0.697,-0.763,-649.177,0.288,-0.474,-0.186
"AUD, NZD, JPY vs USD",rsi,0.000,0.200,1.000,1311,0.418,-3.929,-2.734,-0.963,-171.264,-0.203,0.011,-0.192
"EUR, AUD, NZD vs USD",bb,0.000,0.200,1.000,3864,0.452,-2.854,-3.424,-0.992,-1238.156,-0.059,-0.135,-0.194
"EUR, AUD, NZD vs USD",rsi,0.000,0.200,1.000,1284,0.437,-3.077,-2.124,-0.969,-236.884,-0.209,0.013,-0.196
"crosses EURGBP, AUDNZD, EURCHF",friday,0.400,0.400,1.000,143,0.552,5.736,0.932,6.539,86.724,-0.336,0.138,-0.198
"EUR, GBP, AUD vs USD",rsi,0.000,0.200,2.000,1295,0.356,-2.147,-1.182,-0.910,-48.778,-0.196,-0.002,-0.199
"EUR, GBP, AUD vs USD",asia,0.200,0.400,1.000,1463,0.489,-1.153,-0.443,-0.674,-531.057,0.288,-0.489,-0.201
"AUD, NZD, JPY vs USD",friday,0.000,0.200,2.000,874,0.362,-0.607,-0.218,-0.377,299.936,0.101,-0.308,-0.207
"AUD, NZD, JPY vs USD",rsi,0.000,0.400,1.000,1311,0.451,-3.810,-1.476,-0.980,-32.062,-0.203,-0.009,-0.211
"crosses EURGBP, AUDNZD, EURCHF",friday,0.200,0.200,1.000,394,0.541,1.332,0.613,2.215,123.140,-0.246,0.034,-0.212
"AUD, NZD, JPY vs USD",asia,0.000,0.400,2.000,4385,0.428,-2.488,-1.405,-0.966,-158.069,0.049,-0.266,-0.217
"EUR, GBP, AUD vs USD",friday,0.000,0.200,1.000,876,0.532,0.464,0.246,0.377,222.211,0.094,-0.323,-0.229
"EUR, AUD, NZD vs USD",friday,0.400,0.400,2.000,387,0.460,-0.718,-0.111,-0.224,246.541,-0.171,-0.064,-0.234
"EUR, GBP, JPY vs USD",asia,0.000,0.400,2.000,4368,0.450,-1.279,-0.786,-0.939,240.614,0.060,-0.300,-0.240
"EUR, GBP, JPY vs USD",bb,0.000,0.200,1.000,3917,0.448,-2.632,-3.402,-0.995,-561.290,-0.256,0.009,-0.247
"EUR, GBP, JPY vs USD",asia,0.000,0.400,1.000,4368,0.484,-1.136,-0.827,-0.942,-102.698,0.060,-0.316,-0.256
"EUR, AUD, NZD vs USD",friday,0.000,0.200,2.000,877,0.375,-0.462,-0.173,-0.297,46.933,0.056,-0.313,-0.258
"EUR, GBP, AUD vs USD",rsi,0.000,0.200,1.000,1295,0.446,-2.352,-1.745,-0.932,0.437,-0.196,-0.069,-0.265
"EUR, GBP, JPY vs USD",asia,0.000,0.200,1.000,4368,0.498,-0.776,-0.951,-0.918,-56.390,0.060,-0.325,-0.265
"EUR, GBP, JPY vs USD",asia,0.000,0.200,2.000,4368,0.383,-0.804,-0.741,-0.915,-80.052,0.060,-0.329,-0.268
"AUD, NZD, JPY vs USD",friday,0.400,0.400,2.000,418,0.438,-0.847,-0.125,-0.280,277.215,-0.256,-0.013,-0.269
"EUR, AUD, NZD vs USD",rsi,0.000,0.400,1.000,1284,0.463,-2.451,-0.932,-0.973,-249.238,-0.209,-0.063,-0.272
"crosses EURGBP, AUDNZD, EURCHF",friday,0.200,0.400,2.000,394,0.487,1.208,0.348,1.387,207.453,-0.246,-0.031,-0.277
"EUR, GBP, AUD vs USD",friday,0.400,0.200,1.000,340,0.544,0.962,0.320,0.720,198.324,-0.089,-0.188,-0.278
"AUD, NZD, JPY vs USD",asia,0.200,0.400,2.000,2147,0.409,-3.635,-1.389,-0.982,-700.105,0.243,-0.522,-0.278
"EUR, GBP, AUD vs USD",asia,0.200,0.200,2.000,1463,0.347,-1.466,-0.728,-0.832,-505.958,0.288,-0.576,-0.288
"EUR, AUD, NZD vs USD",bb,0.000,0.200,2.000,3863,0.353,-2.812,-2.662,-0.976,-1437.929,-0.059,-0.230,-0.288
"EUR, GBP, CHF vs USD",bb,0.000,0.400,1.000,3993,0.458,-2.858,-2.050,-0.964,-1181.087,-0.129,-0.162,-0.292
"EUR, GBP, AUD vs USD",bb,0.000,0.200,1.000,3929,0.459,-2.350,-2.897,-0.994,-895.173,-0.161,-0.141,-0.301
"crosses EURGBP, AUDNZD, EURCHF",friday,0.200,0.200,2.000,394,0.447,1.960,0.660,2.081,194.397,-0.246,-0.061,-0.307
"AUD, NZD, JPY vs USD",friday,0.000,0.200,1.000,874,0.514,-0.522,-0.277,-0.419,172.363,0.101,-0.411,-0.310
"EUR, GBP, CHF vs USD",rsi,0.000,0.400,2.000,1332,0.436,-2.628,-0.980,-0.946,-455.952,0.062,-0.379,-0.317
"AUD, NZD, JPY vs USD",friday,0.200,0.200,1.000,624,0.513,-0.552,-0.252,-0.374,192.842,0.027,-0.349,-0.322
"EUR, AUD, NZD vs USD",bb,0.000,0.400,1.000,3863,0.464,-3.289,-2.212,-0.941,-1311.494,-0.059,-0.266,-0.325
"EUR, GBP, CHF vs USD",bb,0.000,0.200,2.000,3993,0.368,-2.459,-2.424,-0.995,-1299.580,-0.129,-0.197,-0.327
"EUR, GBP, JPY vs USD",asia,0.200,0.200,1.000,1302,0.487,-1.215,-0.815,-0.881,-453.331,0.246,-0.591,-0.345
"crosses EURGBP, AUDNZD, EURCHF",friday,0.400,0.200,1.000,143,0.608,4.330,1.090,7.164,-2.786,-0.336,-0.049,-0.385
"crosses EURGBP, AUDNZD, EURCHF",friday,0.400,0.200,2.000,143,0.490,5.857,1.003,4.965,38.102,-0.336,-0.052,-0.388
"EUR, GBP, CHF vs USD",bb,0.000,0.400,2.000,3993,0.435,-2.975,-1.957,-0.979,-962.252,-0.129,-0.278,-0.407
"EUR, GBP, AUD vs USD",rsi,0.000,0.400,1.000,1295,0.463,-2.005,-0.844,-0.902,-242.071,-0.196,-0.218,-0.415
"EUR, GBP, JPY vs USD",asia,0.200,0.200,2.000,1302,0.348,-1.761,-0.899,-0.808,-800.835,0.246,-0.678,-0.431
"EUR, AUD, NZD vs USD",bb,0.000,0.400,2.000,3862,0.427,-3.360,-1.954,-0.936,-1373.492,-0.059,-0.380,-0.439
"EUR, GBP, CHF vs USD",asia,0.200,0.400,2.000,1069,0.439,-2.006,-0.546,-0.691,-774.979,0.286,-0.727,-0.442
"EUR, GBP, CHF vs USD",asia,0.200,0.200,2.000,1069,0.363,-0.905,-0.371,-0.661,-655.406,0.286,-0.728,-0.442
"EUR, GBP, JPY vs USD",rsi,0.000,0.200,1.000,1392,0.429,-3.004,-2.332,-0.960,-108.753,-0.263,-0.191,-0.453
"EUR, GBP, CHF vs USD",asia,0.200,0.400,1.000,1069,0.493,-1.198,-0.390,-0.631,-758.964,0.286,-0.744,-0.458
"EUR, AUD, NZD vs USD",friday,0.000,0.200,1.000,877,0.521,-0.163,-0.093,-0.155,126.314,0.056,-0.518,-0.463
"EUR, GBP, JPY vs USD",asia,0.200,0.400,2.000,1302,0.433,-2.078,-0.674,-0.769,-674.605,0.246,-0.715,-0.468
"EUR, GBP, JPY vs USD",bb,0.000,0.200,2.000,3917,0.359,-2.910,-3.071,-0.994,-998.763,-0.256,-0.216,-0.472
"EUR, AUD, NZD vs USD",friday,0.200,0.200,1.000,604,0.520,-0.206,-0.102,-0.216,146.687,0.084,-0.556,-0.472
"AUD, NZD, JPY vs USD",rsi,0.000,0.400,2.000,1311,0.401,-4.201,-1.371,-0.994,-392.351,-0.203,-0.278,-0.480
"EUR, GBP, AUD vs USD",bb,0.000,0.400,1.000,3928,0.459,-3.043,-2.189,-0.922,-1647.513,-0.161,-0.325,-0.485
"AUD, NZD, JPY vs USD",bb,0.000,0.200,2.000,3793,0.333,-3.627,-3.450,-0.991,-1151.776,-0.288,-0.200,-0.488
"EUR, AUD, NZD vs USD",rsi,0.000,0.400,2.000,1284,0.420,-2.993,-0.967,-0.982,-394.906,-0.209,-0.292,-0.501
"AUD, NZD, JPY vs USD",bb,0.000,0.200,1.000,3794,0.430,-3.655,-4.445,-0.998,-1116.169,-0.288,-0.214,-0.501
"EUR, GBP, JPY vs USD",bb,0.000,0.400,1.000,3917,0.448,-3.750,-3.000,-0.990,-1071.019,-0.256,-0.247,-0.503
"EUR, GBP, AUD vs USD",bb,0.000,0.200,2.000,3928,0.359,-2.689,-2.608,-0.977,-1712.942,-0.161,-0.347,-0.508
"EUR, AUD, NZD vs USD",friday,0.400,0.400,1.000,387,0.499,-1.531,-0.285,-0.408,160.018,-0.171,-0.342,-0.513
"EUR, GBP, JPY vs USD",rsi,0.000,0.200,2.000,1392,0.351,-2.675,-1.601,-0.954,-167.970,-0.263,-0.252,-0.515
"EUR, GBP, AUD vs USD",bb,0.000,0.400,2.000,3928,0.430,-2.811,-1.794,-0.922,-1462.370,-0.161,-0.364,-0.524
"EUR, GBP, JPY vs USD",asia,0.200,0.400,1.000,1302,0.475,-2.073,-0.827,-0.804,-757.122,0.246,-0.780,-0.534
"EUR, GBP, JPY vs USD",bb,0.000,0.400,2.000,3917,0.422,-3.901,-2.844,-0.999,-1083.136,-0.256,-0.280,-0.536
"crosses EURGBP, AUDNZD, EURCHF",friday,0.400,0.400,2.000,143,0.517,5.625,0.800,3.427,104.522,-0.336,-0.202,-0.538
"AUD, NZD, JPY vs USD",bb,0.000,0.400,1.000,3793,0.448,-4.435,-3.018,-0.985,-1179.931,-0.288,-0.277,-0.565
"AUD, NZD, JPY vs USD",bb,0.000,0.400,2.000,3792,0.408,-4.834,-2.880,-0.990,-1594.229,-0.288,-0.284,-0.572
"EUR, GBP, AUD vs USD",rsi,0.000,0.400,2.000,1295,0.428,-2.184,-0.783,-0.865,-166.180,-0.196,-0.392,-0.588
"AUD, NZD, JPY vs USD",friday,0.400,0.200,2.000,418,0.354,-0.862,-0.223,-0.320,173.055,-0.256,-0.334,-0.590
"EUR, AUD, NZD vs USD",friday,0.400,0.200,2.000,387,0.375,-0.428,-0.109,-0.181,101.101,-0.171,-0.422,-0.593
"AUD, NZD, JPY vs USD",friday,0.400,0.400,1.000,418,0.493,-0.718,-0.123,-0.216,228.627,-0.256,-0.356,-0.612
"AUD, NZD, JPY vs USD",friday,0.400,0.200,1.000,418,0.536,0.393,0.167,0.378,161.842,-0.256,-0.382,-0.638
"EUR, GBP, JPY vs USD",rsi,0.000,0.400,1.000,1392,0.454,-2.820,-1.276,-0.949,-496.069,-0.263,-0.430,-0.693
"EUR, AUD, NZD vs USD",friday,0.400,0.200,1.000,387,0.553,1.025,0.354,0.940,175.487,-0.171,-0.527,-0.697
"EUR, GBP, JPY vs USD",rsi,0.000,0.400,2.000,1392,0.420,-3.133,-1.206,-0.937,-406.047,-0.263,-0.511,-0.774
"crosses EURGBP, AUDNZD, EURCHF",bb,0.000,0.200,1.000,3961,0.441,-2.403,-3.865,-0.990,-1509.672,-0.520,-0.317,-0.837
"crosses EURGBP, AUDNZD, EURCHF",bb,0.000,0.400,1.000,3961,0.444,-2.791,-3.185,-0.976,-1981.776,-0.520,-0.340,-0.860
"crosses EURGBP, AUDNZD, EURCHF",bb,0.000,0.400,2.000,3960,0.440,-2.631,-2.818,-0.970,-1970.416,-0.520,-0.352,-0.873
"crosses EURGBP, AUDNZD, EURCHF",bb,0.000,0.200,2.000,3961,0.404,-2.307,-3.206,-0.979,-1338.224,-0.520,-0.406,-0.927
